"json_pointer","value_type","value","runtime_home","feeding_status","consumer_path","master_plan_effect"
"/meta/asOf","string","2026-08-09","data.json","stored/rendered but not master-plan input","publication metadata","no"
"/meta/coverage","string","TD (15 accounts) · Triangle Mastercard · MBNA · PayPal ×2 · Wise ×2","data.json","stored/rendered but not master-plan input","publication metadata","no"
"/meta/transactions","number","4762","data.json","stored/rendered but not master-plan input","publication metadata","no"
"/meta/statements","number","48","data.json","stored/rendered but not master-plan input","publication metadata","no"
"/meta/disclaimer","string","Financial education and planning support. Not professional financial, tax, legal, mortgage or investment advice.","data.json","stored/rendered but not master-plan input","publication metadata","no"
"/plan/windowDays","number","91","data.json","load-bearing engine input","public/forecast.js → Plan/Modellers","yes"
"/plan/defaults/targetBuffer","number","500","data.json","load-bearing engine input","public/forecast.js → Plan/Modellers","yes"
"/plan/defaults/extraDebtMonthly","number","0","data.json","load-bearing engine input","public/forecast.js → Plan/Modellers","yes"
"/plan/defaults/scenario","string","expected","data.json","load-bearing engine input","public/forecast.js → Plan/Modellers","yes"
"/plan/startingCash/amount","number","79.84","data.json","load-bearing engine input","public/forecast.js → Plan/Modellers","yes"
"/plan/startingCash/breakdown/0/label","string","Chequing A — payroll and fixed costs","data.json","load-bearing engine input","public/forecast.js → Plan/Modellers","yes"
"/plan/startingCash/breakdown/0/value","number","506.98","data.json","load-bearing engine input","public/forecast.js → Plan/Modellers","yes"
"/plan/startingCash/breakdown/0/class","string","spendable","data.json","load-bearing engine input","public/forecast.js → Plan/Modellers","yes"
"/plan/startingCash/breakdown/1/label","string","Chequing B — daily spending","data.json","load-bearing engine input","public/forecast.js → Plan/Modellers","yes"
"/plan/startingCash/breakdown/1/value","number","-517.72","data.json","load-bearing engine input","public/forecast.js → Plan/Modellers","yes"
"/plan/startingCash/breakdown/1/class","string","spendable","data.json","load-bearing engine input","public/forecast.js → Plan/Modellers","yes"
"/plan/startingCash/breakdown/1/note","string","Overdrawn; $82.28 of its $600 overdraft still available","data.json","load-bearing engine input","public/forecast.js → Plan/Modellers","yes"
"/plan/startingCash/breakdown/2/label","string","Savings","data.json","load-bearing engine input","public/forecast.js → Plan/Modellers","yes"
"/plan/startingCash/breakdown/2/value","number","90.58","data.json","load-bearing engine input","public/forecast.js → Plan/Modellers","yes"
"/plan/startingCash/breakdown/2/class","string","spendable","data.json","load-bearing engine input","public/forecast.js → Plan/Modellers","yes"
"/plan/startingCash/heldElsewhere/0/label","string","DEBT&PAYMENTS — Amanda's account","data.json","load-bearing engine input","public/forecast.js → Plan/Modellers","yes"
"/plan/startingCash/heldElsewhere/0/value","number","2691.85","data.json","load-bearing engine input","public/forecast.js → Plan/Modellers","yes"
"/plan/startingCash/heldElsewhere/0/class","string","operational","data.json","load-bearing engine input","public/forecast.js → Plan/Modellers","yes"
"/plan/startingCash/heldElsewhere/0/note","string","Her Tennis BC pay lands here. Coaches are paid out of it first; only what is left is transferred to the household. Not spendable household cash.","data.json","load-bearing engine input","public/forecast.js → Plan/Modellers","yes"
"/plan/startingCash/heldElsewhere/1/label","string","SAVINGS-DONT TOUCH — staging","data.json","load-bearing engine input","public/forecast.js → Plan/Modellers","yes"
"/plan/startingCash/heldElsewhere/1/value","number","74.2","data.json","load-bearing engine input","public/forecast.js → Plan/Modellers","yes"
"/plan/startingCash/heldElsewhere/1/class","string","staging","data.json","load-bearing engine input","public/forecast.js → Plan/Modellers","yes"
"/plan/startingCash/heldElsewhere/1/note","string","On her profile. Money passes through to the HELOC and cards within days; it has never held a balance.","data.json","load-bearing engine input","public/forecast.js → Plan/Modellers","yes"
"/plan/startingCash/heldElsewhere/2/label","string","Wise — two US spending accounts","data.json","load-bearing engine input","public/forecast.js → Plan/Modellers","yes"
"/plan/startingCash/heldElsewhere/2/value","number","205.92","data.json","load-bearing engine input","public/forecast.js → Plan/Modellers","yes"
"/plan/startingCash/heldElsewhere/2/class","string","other-liquid","data.json","load-bearing engine input","public/forecast.js → Plan/Modellers","yes"
"/plan/startingCash/heldElsewhere/2/note","string","US-dollar holiday accounts.","data.json","load-bearing engine input","public/forecast.js → Plan/Modellers","yes"
"/plan/startingCash/note","string","The household spending accounts only — Chequing A, Chequing B and Savings, the three the mortgage, bills and card minimums are actually paid from. Amanda's DEBT&PAYMENTS account is deliberately excluded: her Tennis BC pay lands there and is not household money until she has paid her coaches and moved the remainder across (owner-stated). Wise, the silver and the RESP are excluded too.","data.json","load-bearing engine input","public/forecast.js → Plan/Modellers","yes"
"/plan/income/0/id","string","payroll","data.json","load-bearing engine input","public/forecast.js → Plan/Modellers","yes"
"/plan/income/0/label","string","Payroll — Seaspan","data.json","load-bearing engine input","public/forecast.js → Plan/Modellers","yes"
"/plan/income/0/frequency","string","biweekly","data.json","load-bearing engine input","public/forecast.js → Plan/Modellers","yes"
"/plan/income/0/anchor","string","2026-08-14","data.json","load-bearing engine input","public/forecast.js → Plan/Modellers","yes"
"/plan/income/0/amount","number","4468.69","data.json","load-bearing engine input","public/forecast.js → Plan/Modellers","yes"
"/plan/income/0/confidence","string","confirmed","data.json","load-bearing engine input","public/forecast.js → Plan/Modellers","yes"
"/plan/income/0/note","string","Fifteen consecutive bi-weekly deposits observed at this level; treated as confirmed.","data.json","load-bearing engine input","public/forecast.js → Plan/Modellers","yes"
"/plan/income/1/id","string","childBenefit","data.json","load-bearing engine input","public/forecast.js → Plan/Modellers","yes"
"/plan/income/1/label","string","Child benefit","data.json","load-bearing engine input","public/forecast.js → Plan/Modellers","yes"
"/plan/income/1/frequency","string","monthly","data.json","load-bearing engine input","public/forecast.js → Plan/Modellers","yes"
"/plan/income/1/day","number","20","data.json","load-bearing engine input","public/forecast.js → Plan/Modellers","yes"
"/plan/income/1/amount","number","153.59","data.json","load-bearing engine input","public/forecast.js → Plan/Modellers","yes"
"/plan/income/1/confidence","string","confirmed","data.json","load-bearing engine input","public/forecast.js → Plan/Modellers","yes"
"/plan/income/1/note","string","Eighteen consecutive months observed. The amount is fixed; the day of month is approximate.","data.json","load-bearing engine input","public/forecast.js → Plan/Modellers","yes"
"/plan/income/2/id","string","amandaTransfer","data.json","load-bearing engine input","public/forecast.js → Plan/Modellers","yes"
"/plan/income/2/label","string","Amanda's transfers to the household","data.json","load-bearing engine input","public/forecast.js → Plan/Modellers","yes"
"/plan/income/2/frequency","string","monthly","data.json","load-bearing engine input","public/forecast.js → Plan/Modellers","yes"
"/plan/income/2/day","number","20","data.json","load-bearing engine input","public/forecast.js → Plan/Modellers","yes"
"/plan/income/2/scenarioMonthly/conservative","number","930","data.json","load-bearing engine input","public/forecast.js → Plan/Modellers","yes"
"/plan/income/2/scenarioMonthly/expected","number","2182","data.json","load-bearing engine input","public/forecast.js → Plan/Modellers","yes"
"/plan/income/2/scenarioMonthly/optimistic","number","2400","data.json","load-bearing engine input","public/forecast.js → Plan/Modellers","yes"
"/plan/income/2/confidence","string","estimated","data.json","load-bearing engine input","public/forecast.js → Plan/Modellers","yes"
"/plan/income/2/note","string","What actually crosses into the household accounts, measured from the transfer record rather than from her gross pay: 127 transfers totalling $25,445 over 18 months, every one of them landing in Chequing B. Her Tennis BC pay (~$4,575/mo gross, semi-monthly on the 15th and month-end) is NOT counted — it lands in her own account, coaches are paid from it first, and only the remainder comes across. Expected is the 12-month mean ($2,182/mo); conservative is the lowest full month in that year ($930...","data.json","load-bearing engine input","public/forecast.js → Plan/Modellers","yes"
"/plan/obligations/0/id","string","mortgage","data.json","load-bearing engine input","public/forecast.js → Plan/Modellers","yes"
"/plan/obligations/0/debtId","string","mortgage","data.json","load-bearing engine input","public/forecast.js → Plan/Modellers","yes"
"/plan/obligations/0/effect","string","payment","data.json","load-bearing engine input","public/forecast.js → Plan/Modellers","yes"
"/plan/obligations/0/label","string","Mortgage","data.json","load-bearing engine input","public/forecast.js → Plan/Modellers","yes"
"/plan/obligations/0/frequency","string","biweekly","data.json","load-bearing engine input","public/forecast.js → Plan/Modellers","yes"
"/plan/obligations/0/anchor","string","2026-08-14","data.json","load-bearing engine input","public/forecast.js → Plan/Modellers","yes"
"/plan/obligations/0/amount","number","1600","data.json","load-bearing engine input","public/forecast.js → Plan/Modellers","yes"
"/plan/obligations/0/confidence","string","confirmed","data.json","load-bearing engine input","public/forecast.js → Plan/Modellers","yes"
"/plan/obligations/1/id","string","heloc","data.json","load-bearing engine input","public/forecast.js → Plan/Modellers","yes"
"/plan/obligations/1/debtId","string","heloc","data.json","load-bearing engine input","public/forecast.js → Plan/Modellers","yes"
"/plan/obligations/1/effect","string","capitalise","data.json","load-bearing engine input","public/forecast.js → Plan/Modellers","yes"
"/plan/obligations/1/label","string","HELOC interest","data.json","load-bearing engine input","public/forecast.js → Plan/Modellers","yes"
"/plan/obligations/1/frequency","string","monthly","data.json","load-bearing engine input","public/forecast.js → Plan/Modellers","yes"
"/plan/obligations/1/day","number","31","data.json","load-bearing engine input","public/forecast.js → Plan/Modellers","yes"
"/plan/obligations/1/amount","number","814.18","data.json","load-bearing engine input","public/forecast.js → Plan/Modellers","yes"
"/plan/obligations/1/confidence","string","confirmed","data.json","load-bearing engine input","public/forecast.js → Plan/Modellers","yes"
"/plan/obligations/1/nonCash","boolean","true","data.json","load-bearing engine input","public/forecast.js → Plan/Modellers","yes"
"/plan/obligations/1/note","string","Charged on the last day of the month and capitalised onto the HELOC balance — it does not leave a chequing account, so it is shown on the calendar but never deducted from cash. The last three charges were $810.09, $787.58 and $814.18, each appearing as a debit on the HELOC itself with no matching chequing payment. The cost is real: the balance grows by this amount every month, which is why the HELOC has risen every month since February.","data.json","load-bearing engine input","public/forecast.js → Plan/Modellers","yes"
"/plan/obligations/2/id","string","triangle","data.json","load-bearing engine input","public/forecast.js → Plan/Modellers","yes"
"/plan/obligations/2/debtId","string","triangle","data.json","load-bearing engine input","public/forecast.js → Plan/Modellers","yes"
"/plan/obligations/2/effect","string","payment","data.json","load-bearing engine input","public/forecast.js → Plan/Modellers","yes"
"/plan/obligations/2/label","string","Triangle Mastercard minimum","data.json","load-bearing engine input","public/forecast.js → Plan/Modellers","yes"
"/plan/obligations/2/frequency","string","monthly","data.json","load-bearing engine input","public/forecast.js → Plan/Modellers","yes"
"/plan/obligations/2/day","number","7","data.json","load-bearing engine input","public/forecast.js → Plan/Modellers","yes"
"/plan/obligations/2/firstDue","string","2026-09-07","data.json","load-bearing engine input","public/forecast.js → Plan/Modellers","yes"
"/plan/obligations/2/amount","number","253.57","data.json","load-bearing engine input","public/forecast.js → Plan/Modellers","yes"
"/plan/obligations/2/confidence","string","estimated","data.json","load-bearing engine input","public/forecast.js → Plan/Modellers","yes"
"/plan/obligations/2/note","string","August is paid. Future statement minimums are estimated at the current level.","data.json","load-bearing engine input","public/forecast.js → Plan/Modellers","yes"
"/plan/obligations/3/id","string","cashback-sep","data.json","load-bearing engine input","public/forecast.js → Plan/Modellers","yes"
"/plan/obligations/3/debtId","string","cashback","data.json","load-bearing engine input","public/forecast.js → Plan/Modellers","yes"
"/plan/obligations/3/effect","string","payment","data.json","load-bearing engine input","public/forecast.js → Plan/Modellers","yes"
"/plan/obligations/3/label","string","TD Cash Back Visa — September minimum","data.json","load-bearing engine input","public/forecast.js → Plan/Modellers","yes"
"/plan/obligations/3/frequency","string","once","data.json","load-bearing engine input","public/forecast.js → Plan/Modellers","yes"
"/plan/obligations/3/date","string","2026-09-01","data.json","load-bearing engine input","public/forecast.js → Plan/Modellers","yes"
"/plan/obligations/3/amount","number","762.36","data.json","load-bearing engine input","public/forecast.js → Plan/Modellers","yes"
"/plan/obligations/3/confidence","string","confirmed","data.json","load-bearing engine input","public/forecast.js → Plan/Modellers","yes"
"/plan/obligations/3/note","string","The statement minimum, eleven times the usual, because the $612.43 over-limit excess is immediately due.","data.json","load-bearing engine input","public/forecast.js → Plan/Modellers","yes"
"/plan/obligations/4/id","string","cashback","data.json","load-bearing engine input","public/forecast.js → Plan/Modellers","yes"
"/plan/obligations/4/debtId","string","cashback","data.json","load-bearing engine input","public/forecast.js → Plan/Modellers","yes"
"/plan/obligations/4/effect","string","payment","data.json","load-bearing engine input","public/forecast.js → Plan/Modellers","yes"
"/plan/obligations/4/label","string","TD Cash Back Visa minimum","data.json","load-bearing engine input","public/forecast.js → Plan/Modellers","yes"
"/plan/obligations/4/frequency","string","monthly","data.json","load-bearing engine input","public/forecast.js → Plan/Modellers","yes"
"/plan/obligations/4/day","number","1","data.json","load-bearing engine input","public/forecast.js → Plan/Modellers","yes"
"/plan/obligations/4/firstDue","string","2026-10-01","data.json","load-bearing engine input","public/forecast.js → Plan/Modellers","yes"
"/plan/obligations/4/amount","number","170","data.json","load-bearing engine input","public/forecast.js → Plan/Modellers","yes"
"/plan/obligations/4/confidence","string","estimated","data.json","load-bearing engine input","public/forecast.js → Plan/Modellers","yes"
"/plan/obligations/4/note","string","TD's minimum is $10 plus interest and fees; at the recent average balance that is about $170 once the card is back under its limit.","data.json","load-bearing engine input","public/forecast.js → Plan/Modellers","yes"
"/plan/obligations/5/id","string","mbna","data.json","load-bearing engine input","public/forecast.js → Plan/Modellers","yes"
"/plan/obligations/5/debtId","string","mbna","data.json","load-bearing engine input","public/forecast.js → Plan/Modellers","yes"
"/plan/obligations/5/effect","string","payment","data.json","load-bearing engine input","public/forecast.js → Plan/Modellers","yes"
"/plan/obligations/5/label","string","Amazon.ca Mastercard minimum (MBNA)","data.json","load-bearing engine input","public/forecast.js → Plan/Modellers","yes"
"/plan/obligations/5/frequency","string","monthly","data.json","load-bearing engine input","public/forecast.js → Plan/Modellers","yes"
"/plan/obligations/5/day","number","31","data.json","load-bearing engine input","public/forecast.js → Plan/Modellers","yes"
"/plan/obligations/5/amount","number","158.27","data.json","load-bearing engine input","public/forecast.js → Plan/Modellers","yes"
"/plan/obligations/5/confidence","string","estimated","data.json","load-bearing engine input","public/forecast.js → Plan/Modellers","yes"
"/plan/obligations/5/note","string","Due at month-end; the day clamps to shorter months. Future minimums estimated at the current level.","data.json","load-bearing engine input","public/forecast.js → Plan/Modellers","yes"
"/plan/obligations/6/id","string","tdcc","data.json","load-bearing engine input","public/forecast.js → Plan/Modellers","yes"
"/plan/obligations/6/debtId","string","tdcc","data.json","load-bearing engine input","public/forecast.js → Plan/Modellers","yes"
"/plan/obligations/6/effect","string","payment","data.json","load-bearing engine input","public/forecast.js → Plan/Modellers","yes"
"/plan/obligations/6/label","string","TD credit card minimum","data.json","load-bearing engine input","public/forecast.js → Plan/Modellers","yes"
"/plan/obligations/6/frequency","string","monthly","data.json","load-bearing engine input","public/forecast.js → Plan/Modellers","yes"
"/plan/obligations/6/day","number","17","data.json","load-bearing engine input","public/forecast.js → Plan/Modellers","yes"
"/plan/obligations/6/amount","number","94.03","data.json","load-bearing engine input","public/forecast.js → Plan/Modellers","yes"
"/plan/obligations/6/confidence","string","estimated","data.json","load-bearing engine input","public/forecast.js → Plan/Modellers","yes"
"/plan/obligations/6/note","string","A fifth missed minimum restarts the 24.99% penalty-rate clock for another twelve months.","data.json","load-bearing engine input","public/forecast.js → Plan/Modellers","yes"
"/plan/obligations/7/id","string","travel","data.json","load-bearing engine input","public/forecast.js → Plan/Modellers","yes"
"/plan/obligations/7/debtId","string","travelvisa","data.json","load-bearing engine input","public/forecast.js → Plan/Modellers","yes"
"/plan/obligations/7/effect","string","payment","data.json","load-bearing engine input","public/forecast.js → Plan/Modellers","yes"
"/plan/obligations/7/label","string","Travel Visa minimum","data.json","load-bearing engine input","public/forecast.js → Plan/Modellers","yes"
"/plan/obligations/7/frequency","string","monthly","data.json","load-bearing engine input","public/forecast.js → Plan/Modellers","yes"
"/plan/obligations/7/day","number","26","data.json","load-bearing engine input","public/forecast.js → Plan/Modellers","yes"
"/plan/obligations/7/amount","number","17","data.json","load-bearing engine input","public/forecast.js → Plan/Modellers","yes"
"/plan/obligations/7/confidence","string","estimated","data.json","load-bearing engine input","public/forecast.js → Plan/Modellers","yes"
"/plan/bills/0/id","string","fortis","data.json","load-bearing engine input","public/forecast.js → Plan/Modellers","yes"
"/plan/bills/0/label","string","FortisBC gas","data.json","load-bearing engine input","public/forecast.js → Plan/Modellers","yes"
"/plan/bills/0/frequency","string","monthly","data.json","load-bearing engine input","public/forecast.js → Plan/Modellers","yes"
"/plan/bills/0/day","number","3","data.json","load-bearing engine input","public/forecast.js → Plan/Modellers","yes"
"/plan/bills/0/amount","number","124","data.json","load-bearing engine input","public/forecast.js → Plan/Modellers","yes"
"/plan/bills/0/confidence","string","confirmed","data.json","load-bearing engine input","public/forecast.js → Plan/Modellers","yes"
"/plan/bills/0/budgetCategory","string","household","data.json","load-bearing engine input","public/forecast.js → Plan/Modellers","yes"
"/plan/bills/0/note","string","Seventeen charges over fourteen months; $124.00 exactly in each of the last four, landing the 2nd–4th. August is already paid.","data.json","load-bearing engine input","public/forecast.js → Plan/Modellers","yes"
"/plan/bills/1/id","string","shaw","data.json","load-bearing engine input","public/forecast.js → Plan/Modellers","yes"
"/plan/bills/1/label","string","Shaw internet","data.json","load-bearing engine input","public/forecast.js → Plan/Modellers","yes"
"/plan/bills/1/frequency","string","monthly","data.json","load-bearing engine input","public/forecast.js → Plan/Modellers","yes"
"/plan/bills/1/day","number","14","data.json","load-bearing engine input","public/forecast.js → Plan/Modellers","yes"
"/plan/bills/1/amount","number","78.4","data.json","load-bearing engine input","public/forecast.js → Plan/Modellers","yes"
"/plan/bills/1/confidence","string","confirmed","data.json","load-bearing engine input","public/forecast.js → Plan/Modellers","yes"
"/plan/bills/1/budgetCategory","string","telecom","data.json","load-bearing engine input","public/forecast.js → Plan/Modellers","yes"
"/plan/bills/1/note","string","$78.40 on the 14th–15th, May through July.","data.json","load-bearing engine input","public/forecast.js → Plan/Modellers","yes"
"/plan/bills/2/id","string","bcaa","data.json","load-bearing engine input","public/forecast.js → Plan/Modellers","yes"
"/plan/bills/2/label","string","BCAA insurance","data.json","load-bearing engine input","public/forecast.js → Plan/Modellers","yes"
"/plan/bills/2/frequency","string","monthly","data.json","load-bearing engine input","public/forecast.js → Plan/Modellers","yes"
"/plan/bills/2/day","number","15","data.json","load-bearing engine input","public/forecast.js → Plan/Modellers","yes"
"/plan/bills/2/amount","number","82.96","data.json","load-bearing engine input","public/forecast.js → Plan/Modellers","yes"
"/plan/bills/2/confidence","string","confirmed","data.json","load-bearing engine input","public/forecast.js → Plan/Modellers","yes"
"/plan/bills/2/budgetCategory","string","insurance","data.json","load-bearing engine input","public/forecast.js → Plan/Modellers","yes"
"/plan/bills/2/note","string","Eighteen consecutive months on the 15th; $82.96 in each of the last three.","data.json","load-bearing engine input","public/forecast.js → Plan/Modellers","yes"
"/plan/bills/3/id","string","icbc","data.json","load-bearing engine input","public/forecast.js → Plan/Modellers","yes"
"/plan/bills/3/label","string","ICBC insurance","data.json","load-bearing engine input","public/forecast.js → Plan/Modellers","yes"
"/plan/bills/3/frequency","string","monthly","data.json","load-bearing engine input","public/forecast.js → Plan/Modellers","yes"
"/plan/bills/3/day","number","15","data.json","load-bearing engine input","public/forecast.js → Plan/Modellers","yes"
"/plan/bills/3/amount","number","99.91","data.json","load-bearing engine input","public/forecast.js → Plan/Modellers","yes"
"/plan/bills/3/confidence","string","confirmed","data.json","load-bearing engine input","public/forecast.js → Plan/Modellers","yes"
"/plan/bills/3/budgetCategory","string","insurance","data.json","load-bearing engine input","public/forecast.js → Plan/Modellers","yes"
"/plan/bills/3/note","string","$99.91 on the 15th, five consecutive months.","data.json","load-bearing engine input","public/forecast.js → Plan/Modellers","yes"
"/plan/bills/4/id","string","fit4less","data.json","load-bearing engine input","public/forecast.js → Plan/Modellers","yes"
"/plan/bills/4/label","string","Fit4Less membership","data.json","load-bearing engine input","public/forecast.js → Plan/Modellers","yes"
"/plan/bills/4/frequency","string","biweekly","data.json","load-bearing engine input","public/forecast.js → Plan/Modellers","yes"
"/plan/bills/4/anchor","string","2026-08-14","data.json","load-bearing engine input","public/forecast.js → Plan/Modellers","yes"
"/plan/bills/4/amount","number","11.54","data.json","load-bearing engine input","public/forecast.js → Plan/Modellers","yes"
"/plan/bills/4/confidence","string","confirmed","data.json","load-bearing engine input","public/forecast.js → Plan/Modellers","yes"
"/plan/bills/4/budgetCategory","string","sport","data.json","load-bearing engine input","public/forecast.js → Plan/Modellers","yes"
"/plan/bills/4/note","string","$11.54 every two weeks, 18 months running, most recently 31 July — so the next lands on payday. An annual $21.99 fee appears each July.","data.json","load-bearing engine input","public/forecast.js → Plan/Modellers","yes"
"/plan/bills/5/id","string","tdfees","data.json","load-bearing engine input","public/forecast.js → Plan/Modellers","yes"
"/plan/bills/5/label","string","TD account fees (two accounts)","data.json","load-bearing engine input","public/forecast.js → Plan/Modellers","yes"
"/plan/bills/5/frequency","string","monthly","data.json","load-bearing engine input","public/forecast.js → Plan/Modellers","yes"
"/plan/bills/5/day","number","30","data.json","load-bearing engine input","public/forecast.js → Plan/Modellers","yes"
"/plan/bills/5/amount","number","35.9","data.json","load-bearing engine input","public/forecast.js → Plan/Modellers","yes"
"/plan/bills/5/confidence","string","confirmed","data.json","load-bearing engine input","public/forecast.js → Plan/Modellers","yes"
"/plan/bills/5/budgetCategory","null","","data.json","load-bearing engine input","public/forecast.js → Plan/Modellers","yes"
"/plan/bills/5/note","string","Two $17.95 monthly plan fees at month-end, every month captured.","data.json","load-bearing engine input","public/forecast.js → Plan/Modellers","yes"
"/plan/billsNote","string","Extracted from the transaction history, not guessed: only bills still active in the last three months are dated here, and every one of them is paid from Chequing A. BC Hydro is no longer an open gap — it moved to Amanda's account in May 2026 and she has paid it there since ($235, $250, $250), so it is correctly absent from a household-accounts plan. Telus stopped leaving any captured account in March 2026 and its route is still unknown. Streaming is Amazon Channels — several small charges on ...","data.json","rendered explanatory text","Records / Plan presentation","no"
"/plan/commitments/0/id","string","burrard1","data.json","load-bearing engine input","public/forecast.js → Plan/Modellers","yes"
"/plan/commitments/0/date","string","2026-08-12","data.json","load-bearing engine input","public/forecast.js → Plan/Modellers","yes"
"/plan/commitments/0/label","string","Burrard registration — child 1","data.json","load-bearing engine input","public/forecast.js → Plan/Modellers","yes"
"/plan/commitments/0/amount","number","320","data.json","load-bearing engine input","public/forecast.js → Plan/Modellers","yes"
"/plan/commitments/0/budgetCategory","string","sport","data.json","load-bearing engine input","public/forecast.js → Plan/Modellers","yes"
"/plan/commitments/0/confidence","string","confirmed","data.json","load-bearing engine input","public/forecast.js → Plan/Modellers","yes"
"/plan/commitments/0/group","string","burrard","data.json","load-bearing engine input","public/forecast.js → Plan/Modellers","yes"
"/plan/commitments/0/sinkingFund","boolean","true","data.json","load-bearing engine input","public/forecast.js → Plan/Modellers","yes"
"/plan/commitments/1/id","string","burrard2","data.json","load-bearing engine input","public/forecast.js → Plan/Modellers","yes"
"/plan/commitments/1/date","string","2026-08-12","data.json","load-bearing engine input","public/forecast.js → Plan/Modellers","yes"
"/plan/commitments/1/label","string","Burrard registration — child 2","data.json","load-bearing engine input","public/forecast.js → Plan/Modellers","yes"
"/plan/commitments/1/amount","number","303","data.json","load-bearing engine input","public/forecast.js → Plan/Modellers","yes"
"/plan/commitments/1/budgetCategory","string","sport","data.json","load-bearing engine input","public/forecast.js → Plan/Modellers","yes"
"/plan/commitments/1/confidence","string","confirmed","data.json","load-bearing engine input","public/forecast.js → Plan/Modellers","yes"
"/plan/commitments/1/group","string","burrard","data.json","load-bearing engine input","public/forecast.js → Plan/Modellers","yes"
"/plan/commitments/1/sinkingFund","boolean","true","data.json","load-bearing engine input","public/forecast.js → Plan/Modellers","yes"
"/plan/commitments/2/id","string","fusioncamp","data.json","load-bearing engine input","public/forecast.js → Plan/Modellers","yes"
"/plan/commitments/2/date","string","2026-08-16","data.json","load-bearing engine input","public/forecast.js → Plan/Modellers","yes"
"/plan/commitments/2/label","string","Fusion camp","data.json","load-bearing engine input","public/forecast.js → Plan/Modellers","yes"
"/plan/commitments/2/amount","number","786","data.json","load-bearing engine input","public/forecast.js → Plan/Modellers","yes"
"/plan/commitments/2/budgetCategory","string","sport","data.json","load-bearing engine input","public/forecast.js → Plan/Modellers","yes"
"/plan/commitments/2/confidence","string","estimated","data.json","load-bearing engine input","public/forecast.js → Plan/Modellers","yes"
"/plan/commitments/2/note","string","Stated as ""next week"" — the date is approximate.","data.json","load-bearing engine input","public/forecast.js → Plan/Modellers","yes"
"/plan/commitments/2/sinkingFund","boolean","true","data.json","load-bearing engine input","public/forecast.js → Plan/Modellers","yes"
"/plan/commitments/3/id","string","tryouts","data.json","load-bearing engine input","public/forecast.js → Plan/Modellers","yes"
"/plan/commitments/3/date","string","2026-08-22","data.json","load-bearing engine input","public/forecast.js → Plan/Modellers","yes"
"/plan/commitments/3/label","string","Fusion tryouts","data.json","load-bearing engine input","public/forecast.js → Plan/Modellers","yes"
"/plan/commitments/3/amount","number","140","data.json","load-bearing engine input","public/forecast.js → Plan/Modellers","yes"
"/plan/commitments/3/budgetCategory","string","sport","data.json","load-bearing engine input","public/forecast.js → Plan/Modellers","yes"
"/plan/commitments/3/confidence","string","confirmed","data.json","load-bearing engine input","public/forecast.js → Plan/Modellers","yes"
"/plan/commitments/3/sinkingFund","boolean","true","data.json","load-bearing engine input","public/forecast.js → Plan/Modellers","yes"
"/plan/commitments/4/id","string","warriors","data.json","load-bearing engine input","public/forecast.js → Plan/Modellers","yes"
"/plan/commitments/4/date","string","2026-09-15","data.json","load-bearing engine input","public/forecast.js → Plan/Modellers","yes"
"/plan/commitments/4/label","string","Warriors Elite Academy","data.json","load-bearing engine input","public/forecast.js → Plan/Modellers","yes"
"/plan/commitments/4/amount","number","800","data.json","load-bearing engine input","public/forecast.js → Plan/Modellers","yes"
"/plan/commitments/4/budgetCategory","string","sport","data.json","load-bearing engine input","public/forecast.js → Plan/Modellers","yes"
"/plan/commitments/4/confidence","string","estimated","data.json","load-bearing engine input","public/forecast.js → Plan/Modellers","yes"
"/plan/commitments/4/adjustable","boolean","true","data.json","load-bearing engine input","public/forecast.js → Plan/Modellers","yes"
"/plan/commitments/4/note","string","Owner-stated ""about $800"", September, not yet invoiced. Mid-month assumed.","data.json","load-bearing engine input","public/forecast.js → Plan/Modellers","yes"
"/plan/commitments/4/sinkingFund","boolean","true","data.json","load-bearing engine input","public/forecast.js → Plan/Modellers","yes"
"/plan/commitments/5/id","string","fusion-sep","data.json","load-bearing engine input","public/forecast.js → Plan/Modellers","yes"
"/plan/commitments/5/date","string","2026-09-15","data.json","load-bearing engine input","public/forecast.js → Plan/Modellers","yes"
"/plan/commitments/5/label","string","Fusion season — September instalment","data.json","load-bearing engine input","public/forecast.js → Plan/Modellers","yes"
"/plan/commitments/5/amount","number","500","data.json","load-bearing engine input","public/forecast.js → Plan/Modellers","yes"
"/plan/commitments/5/budgetCategory","string","sport","data.json","load-bearing engine input","public/forecast.js → Plan/Modellers","yes"
"/plan/commitments/5/confidence","string","estimated","data.json","load-bearing engine input","public/forecast.js → Plan/Modellers","yes"
"/plan/commitments/5/adjustable","boolean","true","data.json","load-bearing engine input","public/forecast.js → Plan/Modellers","yes"
"/plan/commitments/5/note","string","Planned as roughly $500/month across four months; selection expected after the 22 August tryouts.","data.json","load-bearing engine input","public/forecast.js → Plan/Modellers","yes"
"/plan/commitments/5/sinkingFund","boolean","true","data.json","load-bearing engine input","public/forecast.js → Plan/Modellers","yes"
"/plan/commitments/6/id","string","fusion-oct","data.json","load-bearing engine input","public/forecast.js → Plan/Modellers","yes"
"/plan/commitments/6/date","string","2026-10-15","data.json","load-bearing engine input","public/forecast.js → Plan/Modellers","yes"
"/plan/commitments/6/label","string","Fusion season — October instalment","data.json","load-bearing engine input","public/forecast.js → Plan/Modellers","yes"
"/plan/commitments/6/amount","number","500","data.json","load-bearing engine input","public/forecast.js → Plan/Modellers","yes"
"/plan/commitments/6/budgetCategory","string","sport","data.json","load-bearing engine input","public/forecast.js → Plan/Modellers","yes"
"/plan/commitments/6/confidence","string","estimated","data.json","load-bearing engine input","public/forecast.js → Plan/Modellers","yes"
"/plan/commitments/6/adjustable","boolean","true","data.json","load-bearing engine input","public/forecast.js → Plan/Modellers","yes"
"/plan/commitments/6/sinkingFund","boolean","true","data.json","load-bearing engine input","public/forecast.js → Plan/Modellers","yes"
"/plan/commitments/7/id","string","fusion-nov","data.json","load-bearing engine input","public/forecast.js → Plan/Modellers","yes"
"/plan/commitments/7/date","string","2026-11-01","data.json","load-bearing engine input","public/forecast.js → Plan/Modellers","yes"
"/plan/commitments/7/label","string","Fusion season — November instalment","data.json","load-bearing engine input","public/forecast.js → Plan/Modellers","yes"
"/plan/commitments/7/amount","number","500","data.json","load-bearing engine input","public/forecast.js → Plan/Modellers","yes"
"/plan/commitments/7/budgetCategory","string","sport","data.json","load-bearing engine input","public/forecast.js → Plan/Modellers","yes"
"/plan/commitments/7/confidence","string","estimated","data.json","load-bearing engine input","public/forecast.js → Plan/Modellers","yes"
"/plan/commitments/7/adjustable","boolean","true","data.json","load-bearing engine input","public/forecast.js → Plan/Modellers","yes"
"/plan/commitments/7/note","string","Date unknown; placed on the 1st, the cautious choice inside the window.","data.json","load-bearing engine input","public/forecast.js → Plan/Modellers","yes"
"/plan/commitments/7/sinkingFund","boolean","true","data.json","load-bearing engine input","public/forecast.js → Plan/Modellers","yes"
"/plan/groups/0/id","string","burrard","data.json","load-bearing engine input","public/forecast.js → Plan/Modellers","yes"
"/plan/groups/0/label","string","Burrard registrations","data.json","load-bearing engine input","public/forecast.js → Plan/Modellers","yes"
"/plan/groups/0/atomic","boolean","true","data.json","load-bearing engine input","public/forecast.js → Plan/Modellers","yes"
"/plan/groups/0/note","string","Both children are registered on the same day (owner-stated), so this cannot be staggered across the payday two days later — it is the full amount or neither child is registered.","data.json","load-bearing engine input","public/forecast.js → Plan/Modellers","yes"
"/plan/funding/heading","string","Covering the 12 August gap","data.json","load-bearing engine input","public/forecast.js → Plan/Modellers","yes"
"/plan/funding/note","string","Two sources can cover it, and only two. Cards and the overdraft cannot — even combined they reach $348.11 against $623.00 needed on the day. Of the two, only one is free: the HELOC draw buys three weeks and costs an over-limit breach on a $202,654 facility.","data.json","load-bearing engine input","public/forecast.js → Plan/Modellers","yes"
"/plan/funding/options/0/id","string","amanda","data.json","load-bearing engine input","public/forecast.js → Plan/Modellers","yes"
"/plan/funding/options/0/debtId","null","","data.json","load-bearing engine input","public/forecast.js → Plan/Modellers","yes"
"/plan/funding/options/0/label","string","Amanda releases funds from her tennis account","data.json","load-bearing engine input","public/forecast.js → Plan/Modellers","yes"
"/plan/funding/options/0/short","string","Amanda's transfer","data.json","load-bearing engine input","public/forecast.js → Plan/Modellers","yes"
"/plan/funding/options/0/available","number","2691.85","data.json","load-bearing engine input","public/forecast.js → Plan/Modellers","yes"
"/plan/funding/options/0/rate","null","","data.json","load-bearing engine input","public/forecast.js → Plan/Modellers","yes"
"/plan/funding/options/0/rank","number","1","data.json","load-bearing engine input","public/forecast.js → Plan/Modellers","yes"
"/plan/funding/options/0/note","string","The cheapest route by a wide margin: it is already the household's money, it costs nothing, and it adds no debt. It depends on how much of that balance is owed onward to coaches — she settles them first. A transfer of about $1,050 covers the registrations and restores the $500 buffer.","data.json","load-bearing engine input","public/forecast.js → Plan/Modellers","yes"
"/plan/funding/options/1/id","string","heloc","data.json","load-bearing engine input","public/forecast.js → Plan/Modellers","yes"
"/plan/funding/options/1/debtId","string","heloc","data.json","load-bearing engine input","public/forecast.js → Plan/Modellers","yes"
"/plan/funding/options/1/label","string","Draw on the HELOC","data.json","load-bearing engine input","public/forecast.js → Plan/Modellers","yes"
"/plan/funding/options/1/short","string","a HELOC draw","data.json","load-bearing engine input","public/forecast.js → Plan/Modellers","yes"
"/plan/funding/options/1/available","number","1067.84","data.json","load-bearing engine input","public/forecast.js → Plan/Modellers","yes"
"/plan/funding/options/1/rate","number","4.9","data.json","load-bearing engine input","public/forecast.js → Plan/Modellers","yes"
"/plan/funding/options/1/rank","number","2","data.json","load-bearing engine input","public/forecast.js → Plan/Modellers","yes"
"/plan/funding/options/1/note","string","Enough today, and worse than it looks. $1,067.84 of a $202,654 limit, 99.5% drawn, at 4.90% interest-only, so the draw never amortises — and because the interest capitalises rather than being paid, a $623 draw becomes a permanent addition to the balance, not a debt that clears. $2,269.80 of past lacrosse fees already went on it this way. The decisive point is the timing: the HELOC capitalises about $814 a month with nothing repaying it, so it passes its own limit on 30 September WITHOUT anyon...","data.json","load-bearing engine input","public/forecast.js → Plan/Modellers","yes"
"/plan/funding/options/2/id","string","overdraft","data.json","load-bearing engine input","public/forecast.js → Plan/Modellers","yes"
"/plan/funding/options/2/debtId","null","","data.json","load-bearing engine input","public/forecast.js → Plan/Modellers","yes"
"/plan/funding/options/2/label","string","Chequing B overdraft","data.json","load-bearing engine input","public/forecast.js → Plan/Modellers","yes"
"/plan/funding/options/2/short","string","the overdraft","data.json","load-bearing engine input","public/forecast.js → Plan/Modellers","yes"
"/plan/funding/options/2/available","number","82.28","data.json","load-bearing engine input","public/forecast.js → Plan/Modellers","yes"
"/plan/funding/options/2/rate","null","","data.json","load-bearing engine input","public/forecast.js → Plan/Modellers","yes"
"/plan/funding/options/2/rank","number","3","data.json","load-bearing engine input","public/forecast.js → Plan/Modellers","yes"
"/plan/funding/options/2/unusable","boolean","true","data.json","load-bearing engine input","public/forecast.js → Plan/Modellers","yes"
"/plan/funding/options/2/note","string","$82.28 of a $600 limit. Nowhere near enough on its own, and overdraft interest plus the $5 monthly protection fee already run against this account.","data.json","load-bearing engine input","public/forecast.js → Plan/Modellers","yes"
"/plan/funding/options/3/id","string","cards","data.json","load-bearing engine input","public/forecast.js → Plan/Modellers","yes"
"/plan/funding/options/3/debtId","null","","data.json","load-bearing engine input","public/forecast.js → Plan/Modellers","yes"
"/plan/funding/options/3/label","string","Credit cards","data.json","load-bearing engine input","public/forecast.js → Plan/Modellers","yes"
"/plan/funding/options/3/short","string","the cards","data.json","load-bearing engine input","public/forecast.js → Plan/Modellers","yes"
"/plan/funding/options/3/available","number","265.83","data.json","load-bearing engine input","public/forecast.js → Plan/Modellers","yes"
"/plan/funding/options/3/rate","null","","data.json","load-bearing engine input","public/forecast.js → Plan/Modellers","yes"
"/plan/funding/options/3/rank","number","4","data.json","load-bearing engine input","public/forecast.js → Plan/Modellers","yes"
"/plan/funding/options/3/unusable","boolean","true","data.json","load-bearing engine input","public/forecast.js → Plan/Modellers","yes"
"/plan/funding/options/3/note","string","$200 on the TD credit card, $62.83 on the MBNA, $3.00 on the Triangle. The Cash Back Visa is $612 over its limit and the Travel Visa is full. Not enough, and a purchase on the TD card at 24.99% would be the most expensive money in the household.","data.json","load-bearing engine input","public/forecast.js → Plan/Modellers","yes"
"/plan/budget/basis","string","ytd","data.json","load-bearing engine input","public/forecast.js → Plan/Modellers","yes"
"/plan/budget/note","string","What the weekly household cap has to cover, category by category. Amounts are NOT stored here — they are derived at render time from public/periods.json, the generated spending history, so there is one home for every historical figure. This block carries only the classification (essential, discretionary, reserve, unknown), which dated bills and commitments belong to each category, and any owner target that should beat the historical average.","data.json","load-bearing engine input","public/forecast.js → Plan/Modellers","yes"
"/plan/budget/classNote","string","ESSENTIAL is normal life with no reliable date — groceries, fuel, phones. It comes out of the weekly cap first. DISCRETIONARY is reducible. RESERVE is a real cost that does not fall inside this 90-day window and must be saved for rather than spent. DATED bills and commitments are already on the calendar as events and are subtracted from their category so nothing is paid twice.","data.json","load-bearing engine input","public/forecast.js → Plan/Modellers","yes"
"/plan/budget/ownerTargets/status","string","partial","data.json","load-bearing engine input","public/forecast.js → Plan/Modellers","yes"
"/plan/budget/ownerTargets/source","string","owner-stated-2026-08-10","data.json","load-bearing engine input","public/forecast.js → Plan/Modellers","yes"
"/plan/budget/ownerTargets/note","string","Nine owner budget targets are now incorporated, supplied directly by the owner on 2026-08-10 and recorded here with that provenance. They are NOT workbook-verified: monthly_budget_tracker_template.xlsx and HOME BUDGET.xlsx are still absent from this repository and from the machine this ran on, so three things remain unconfirmed - (1) that these nine are current and complete rather than a subset, (2) the AMOUNTS of the sinking funds, which were named but not quantified, and (3) whether the own...","data.json","load-bearing engine input","public/forecast.js → Plan/Modellers","yes"
"/plan/budget/ownerTargets/sinkingFundsNamed/0","string","property tax","data.json","load-bearing engine input","public/forecast.js → Plan/Modellers","yes"
"/plan/budget/ownerTargets/sinkingFundsNamed/1","string","home insurance","data.json","load-bearing engine input","public/forecast.js → Plan/Modellers","yes"
"/plan/budget/ownerTargets/sinkingFundsNamed/2","string","Fusion","data.json","load-bearing engine input","public/forecast.js → Plan/Modellers","yes"
"/plan/budget/ownerTargets/sinkingFundsNamed/3","string","Burrards","data.json","load-bearing engine input","public/forecast.js → Plan/Modellers","yes"
"/plan/budget/ownerTargets/sinkingFundsNamed/4","string","travel","data.json","load-bearing engine input","public/forecast.js → Plan/Modellers","yes"
"/plan/budget/ownerTargets/sinkingFundsNamed/5","string","Christmas","data.json","load-bearing engine input","public/forecast.js → Plan/Modellers","yes"
"/plan/budget/ownerTargets/sinkingFundsNamed/6","string","annual bills","data.json","load-bearing engine input","public/forecast.js → Plan/Modellers","yes"
"/plan/budget/ownerTargets/sinkingFundsNamed/7","string","emergency/buffer","data.json","load-bearing engine input","public/forecast.js → Plan/Modellers","yes"
"/plan/budget/ownerTargets/sinkingFundsNote","string","Named by the owner but NOT quantified, so no amount is modelled for them. Property tax and CRA are carried as reserves from the historical record; the Fusion and Burrard commitments are dated on the calendar with owner-stated amounts. Home insurance, Christmas, travel, annual bills and the emergency top-up have no figure and are OWNER DECISION REQUIRED - the workbook would supply them.","data.json","load-bearing engine input","public/forecast.js → Plan/Modellers","yes"
"/plan/budget/cardCaveat","string","The historical averages below are total household spending — chequing, cards and PayPal. The forecast deducts the weekly cap as CASH from the household chequing accounts, but only card MINIMUMS as debt service. Spending at the historical rate on the cards would therefore show a healthy cash line while the card balances grew. The cap is a cash instruction, and it only holds if the spending is actually paid for rather than carried.","data.json","load-bearing engine input","public/forecast.js → Plan/Modellers","yes"
"/plan/budget/categories/0/id","string","groceries","data.json","load-bearing engine input","public/forecast.js → Plan/Modellers","yes"
"/plan/budget/categories/0/label","string","Groceries","data.json","load-bearing engine input","public/forecast.js → Plan/Modellers","yes"
"/plan/budget/categories/0/class","string","essential","data.json","load-bearing engine input","public/forecast.js → Plan/Modellers","yes"
"/plan/budget/categories/0/from/0","string","Groceries","data.json","load-bearing engine input","public/forecast.js → Plan/Modellers","yes"
"/plan/budget/categories/0/plannedMonthly","number","1800","data.json","load-bearing engine input","public/forecast.js → Plan/Modellers","yes"
"/plan/budget/categories/0/ownerLine","string","Groceries","data.json","load-bearing engine input","public/forecast.js → Plan/Modellers","yes"
"/plan/budget/categories/0/targetSource","string","owner-stated-2026-08-10","data.json","load-bearing engine input","public/forecast.js → Plan/Modellers","yes"
"/plan/budget/categories/0/why","string","OWNER TARGET WINS. $1,800 against an $1,839.66 historical average — the household has set a figure a little under what it has been spending, which is a decision about the next 90 days rather than a description of the last eighteen months.","data.json","load-bearing engine input","public/forecast.js → Plan/Modellers","yes"
"/plan/budget/categories/1/id","string","fuel","data.json","load-bearing engine input","public/forecast.js → Plan/Modellers","yes"
"/plan/budget/categories/1/label","string","Fuel & transport","data.json","load-bearing engine input","public/forecast.js → Plan/Modellers","yes"
"/plan/budget/categories/1/class","string","essential","data.json","load-bearing engine input","public/forecast.js → Plan/Modellers","yes"
"/plan/budget/categories/1/from/0","string","Fuel & transport","data.json","load-bearing engine input","public/forecast.js → Plan/Modellers","yes"
"/plan/budget/categories/1/plannedMonthly","number","1300","data.json","load-bearing engine input","public/forecast.js → Plan/Modellers","yes"
"/plan/budget/categories/1/ownerLine","string","Transportation / Gas","data.json","load-bearing engine input","public/forecast.js → Plan/Modellers","yes"
"/plan/budget/categories/1/targetSource","string","owner-stated-2026-08-10","data.json","load-bearing engine input","public/forecast.js → Plan/Modellers","yes"
"/plan/budget/categories/1/why","string","OWNER TARGET WINS. $1,300 against $989.13 historical. The target is HIGHER than the average, so this is the household budgeting for more fuel than it has recently used, not less. Carried as stated.","data.json","load-bearing engine input","public/forecast.js → Plan/Modellers","yes"
"/plan/budget/categories/2/id","string","household","data.json","load-bearing engine input","public/forecast.js → Plan/Modellers","yes"
"/plan/budget/categories/2/label","string","Household supplies & utilities","data.json","load-bearing engine input","public/forecast.js → Plan/Modellers","yes"
"/plan/budget/categories/2/class","string","essential","data.json","load-bearing engine input","public/forecast.js → Plan/Modellers","yes"
"/plan/budget/categories/2/from/0","string","Household","data.json","load-bearing engine input","public/forecast.js → Plan/Modellers","yes"
"/plan/budget/categories/2/plannedMonthly","number","150","data.json","load-bearing engine input","public/forecast.js → Plan/Modellers","yes"
"/plan/budget/categories/2/ownerLine","string","Household","data.json","load-bearing engine input","public/forecast.js → Plan/Modellers","yes"
"/plan/budget/categories/2/targetSource","string","owner-stated-2026-08-10","data.json","load-bearing engine input","public/forecast.js → Plan/Modellers","yes"
"/plan/budget/categories/2/why","string","OWNER TARGET WINS. $150 against $366.19 historical, which includes the $124 FortisBC bill now dated on the calendar. The target covers supplies only, so FortisBC is subtracted from it.","data.json","load-bearing engine input","public/forecast.js → Plan/Modellers","yes"
"/plan/budget/categories/3/id","string","health","data.json","load-bearing engine input","public/forecast.js → Plan/Modellers","yes"
"/plan/budget/categories/3/label","string","Medical & health","data.json","load-bearing engine input","public/forecast.js → Plan/Modellers","yes"
"/plan/budget/categories/3/class","string","essential","data.json","load-bearing engine input","public/forecast.js → Plan/Modellers","yes"
"/plan/budget/categories/3/from/0","string","Health","data.json","load-bearing engine input","public/forecast.js → Plan/Modellers","yes"
"/plan/budget/categories/3/plannedMonthly","number","100","data.json","load-bearing engine input","public/forecast.js → Plan/Modellers","yes"
"/plan/budget/categories/3/ownerLine","string","Medical","data.json","load-bearing engine input","public/forecast.js → Plan/Modellers","yes"
"/plan/budget/categories/3/targetSource","string","owner-stated-2026-08-10","data.json","load-bearing engine input","public/forecast.js → Plan/Modellers","yes"
"/plan/budget/categories/3/why","string","OWNER TARGET WINS. $100 against $347.23 historical. A large planned reduction on an irregular category — worth watching, because medical costs are not very compressible and the historical figure may reassert itself.","data.json","load-bearing engine input","public/forecast.js → Plan/Modellers","yes"
"/plan/budget/categories/4/id","string","telecom","data.json","load-bearing engine input","public/forecast.js → Plan/Modellers","yes"
"/plan/budget/categories/4/label","string","Phones & internet","data.json","load-bearing engine input","public/forecast.js → Plan/Modellers","yes"
"/plan/budget/categories/4/class","string","essential","data.json","load-bearing engine input","public/forecast.js → Plan/Modellers","yes"
"/plan/budget/categories/4/from/0","string","Telecom","data.json","load-bearing engine input","public/forecast.js → Plan/Modellers","yes"
"/plan/budget/categories/4/plannedMonthly","null","","data.json","load-bearing engine input","public/forecast.js → Plan/Modellers","yes"
"/plan/budget/categories/4/why","string","Shaw is dated at $78.40 and subtracted. The remainder is the Telus phone bills, which stopped leaving any captured account in March 2026 — the route is unknown, so the cost is carried inside the cap rather than dated.","data.json","load-bearing engine input","public/forecast.js → Plan/Modellers","yes"
"/plan/budget/categories/5/id","string","insurance","data.json","load-bearing engine input","public/forecast.js → Plan/Modellers","yes"
"/plan/budget/categories/5/label","string","Insurance","data.json","load-bearing engine input","public/forecast.js → Plan/Modellers","yes"
"/plan/budget/categories/5/class","string","essential","data.json","load-bearing engine input","public/forecast.js → Plan/Modellers","yes"
"/plan/budget/categories/5/from/0","string","Insurance","data.json","load-bearing engine input","public/forecast.js → Plan/Modellers","yes"
"/plan/budget/categories/5/plannedMonthly","null","","data.json","load-bearing engine input","public/forecast.js → Plan/Modellers","yes"
"/plan/budget/categories/5/why","string","BCAA and ICBC are both dated on the calendar, and together they exceed the historical average because the ICBC policy is only five months old. The dated figures are the better current authority, so nothing extra is carried in the cap.","data.json","load-bearing engine input","public/forecast.js → Plan/Modellers","yes"
"/plan/budget/categories/6/id","string","pets","data.json","load-bearing engine input","public/forecast.js → Plan/Modellers","yes"
"/plan/budget/categories/6/label","string","Pets","data.json","load-bearing engine input","public/forecast.js → Plan/Modellers","yes"
"/plan/budget/categories/6/class","string","essential","data.json","load-bearing engine input","public/forecast.js → Plan/Modellers","yes"
"/plan/budget/categories/6/from/0","string","Pets","data.json","load-bearing engine input","public/forecast.js → Plan/Modellers","yes"
"/plan/budget/categories/6/plannedMonthly","number","110","data.json","load-bearing engine input","public/forecast.js → Plan/Modellers","yes"
"/plan/budget/categories/6/ownerLine","string","Dog food","data.json","load-bearing engine input","public/forecast.js → Plan/Modellers","yes"
"/plan/budget/categories/6/targetSource","string","owner-stated-2026-08-10","data.json","load-bearing engine input","public/forecast.js → Plan/Modellers","yes"
"/plan/budget/categories/6/why","string","OWNER TARGET WINS DECISIVELY. $110 for dog food against $11.01 historical — the record is plainly not capturing pet spending, most likely because it is bought inside grocery shops and categorised as Groceries. The owner figure is the better fact.","data.json","load-bearing engine input","public/forecast.js → Plan/Modellers","yes"
"/plan/budget/categories/7/id","string","propertytax","data.json","load-bearing engine input","public/forecast.js → Plan/Modellers","yes"
"/plan/budget/categories/7/label","string","Property tax","data.json","load-bearing engine input","public/forecast.js → Plan/Modellers","yes"
"/plan/budget/categories/7/class","string","reserve","data.json","load-bearing engine input","public/forecast.js → Plan/Modellers","yes"
"/plan/budget/categories/7/from/0","string","Property tax","data.json","load-bearing engine input","public/forecast.js → Plan/Modellers","yes"
"/plan/budget/categories/7/plannedMonthly","null","","data.json","load-bearing engine input","public/forecast.js → Plan/Modellers","yes"
"/plan/budget/categories/7/why","string","An annual lump, historically paid partly from the HELOC and partly by Amanda. No instalment falls inside this window, so it must NOT be inside the weekly cap — but it is a real cost and is shown as a reserve so a surplus is not mistaken for free money.","data.json","load-bearing engine input","public/forecast.js → Plan/Modellers","yes"
"/plan/budget/categories/8/id","string","tax","data.json","load-bearing engine input","public/forecast.js → Plan/Modellers","yes"
"/plan/budget/categories/8/label","string","CRA & union dues","data.json","load-bearing engine input","public/forecast.js → Plan/Modellers","yes"
"/plan/budget/categories/8/class","string","reserve","data.json","load-bearing engine input","public/forecast.js → Plan/Modellers","yes"
"/plan/budget/categories/8/from/0","string","Tax","data.json","load-bearing engine input","public/forecast.js → Plan/Modellers","yes"
"/plan/budget/categories/8/plannedMonthly","null","","data.json","load-bearing engine input","public/forecast.js → Plan/Modellers","yes"
"/plan/budget/categories/8/why","string","CRA instalments, some settled from Amanda's account. Same treatment as property tax: real, but not a dated household cash cost inside this window.","data.json","load-bearing engine input","public/forecast.js → Plan/Modellers","yes"
"/plan/budget/categories/9/id","string","restaurants","data.json","load-bearing engine input","public/forecast.js → Plan/Modellers","yes"
"/plan/budget/categories/9/label","string","Dining out & takeaway","data.json","load-bearing engine input","public/forecast.js → Plan/Modellers","yes"
"/plan/budget/categories/9/class","string","discretionary","data.json","load-bearing engine input","public/forecast.js → Plan/Modellers","yes"
"/plan/budget/categories/9/from/0","string","Restaurants","data.json","load-bearing engine input","public/forecast.js → Plan/Modellers","yes"
"/plan/budget/categories/9/plannedMonthly","number","800","data.json","load-bearing engine input","public/forecast.js → Plan/Modellers","yes"
"/plan/budget/categories/9/ownerLine","string","Restaurants / Takeout","data.json","load-bearing engine input","public/forecast.js → Plan/Modellers","yes"
"/plan/budget/categories/9/targetSource","string","owner-stated-2026-08-10","data.json","load-bearing engine input","public/forecast.js → Plan/Modellers","yes"
"/plan/budget/categories/9/why","string","OWNER TARGET WINS. $800 against $1,384.70 historical — the single largest planned reduction in the budget, and the main reason the discretionary line is affordable.","data.json","load-bearing engine input","public/forecast.js → Plan/Modellers","yes"
"/plan/budget/categories/10/id","string","shopping","data.json","load-bearing engine input","public/forecast.js → Plan/Modellers","yes"
"/plan/budget/categories/10/label","string","Shopping","data.json","load-bearing engine input","public/forecast.js → Plan/Modellers","yes"
"/plan/budget/categories/10/class","string","discretionary","data.json","load-bearing engine input","public/forecast.js → Plan/Modellers","yes"
"/plan/budget/categories/10/from/0","string","Shopping","data.json","load-bearing engine input","public/forecast.js → Plan/Modellers","yes"
"/plan/budget/categories/10/plannedMonthly","number","600","data.json","load-bearing engine input","public/forecast.js → Plan/Modellers","yes"
"/plan/budget/categories/10/ownerLine","string","Personal","data.json","load-bearing engine input","public/forecast.js → Plan/Modellers","yes"
"/plan/budget/categories/10/targetSource","string","owner-stated-2026-08-10","data.json","load-bearing engine input","public/forecast.js → Plan/Modellers","yes"
"/plan/budget/categories/10/why","string","OWNER TARGET WINS, MAPPING NEEDS CONFIRMATION. The owner line is called 'Personal' at $600; the nearest thing in the transaction record is Shopping at $1,156.33. They may not be the same concept — 'Personal' often means per-adult spending money. Applied because ignoring an explicit target is worse than an imperfect mapping, but flagged for the owner to confirm.","data.json","load-bearing engine input","public/forecast.js → Plan/Modellers","yes"
"/plan/budget/categories/11/id","string","travel","data.json","load-bearing engine input","public/forecast.js → Plan/Modellers","yes"
"/plan/budget/categories/11/label","string","Travel","data.json","load-bearing engine input","public/forecast.js → Plan/Modellers","yes"
"/plan/budget/categories/11/class","string","discretionary","data.json","load-bearing engine input","public/forecast.js → Plan/Modellers","yes"
"/plan/budget/categories/11/from/0","string","Travel","data.json","load-bearing engine input","public/forecast.js → Plan/Modellers","yes"
"/plan/budget/categories/11/plannedMonthly","null","","data.json","load-bearing engine input","public/forecast.js → Plan/Modellers","yes"
"/plan/budget/categories/11/why","string","Episodic rather than monthly — heavily concentrated in May–July 2026 and near zero outside it. No trip is known to fall inside this window, so the historical average almost certainly overstates the next 90 days. It is left at the historical figure rather than zeroed because zeroing it would be a guess; the effect is that the discretionary requirement shown is CONSERVATIVE. Confirming there is no trip would release roughly this much.","data.json","load-bearing engine input","public/forecast.js → Plan/Modellers","yes"
"/plan/budget/categories/12/id","string","sport","data.json","load-bearing engine input","public/forecast.js → Plan/Modellers","yes"
"/plan/budget/categories/12/label","string","Children & sports","data.json","load-bearing engine input","public/forecast.js → Plan/Modellers","yes"
"/plan/budget/categories/12/class","string","discretionary","data.json","load-bearing engine input","public/forecast.js → Plan/Modellers","yes"
"/plan/budget/categories/12/from/0","string","Sport & fitness","data.json","load-bearing engine input","public/forecast.js → Plan/Modellers","yes"
"/plan/budget/categories/12/plannedMonthly","number","250","data.json","load-bearing engine input","public/forecast.js → Plan/Modellers","yes"
"/plan/budget/categories/12/ownerLine","string","Sports / Activities","data.json","load-bearing engine input","public/forecast.js → Plan/Modellers","yes"
"/plan/budget/categories/12/targetSource","string","owner-stated-2026-08-10","data.json","load-bearing engine input","public/forecast.js → Plan/Modellers","yes"
"/plan/budget/categories/12/why","string","OWNER TARGET WINS, AND IS KEPT SEPARATE FROM THE SEASON FEES. $250/month of ordinary sports and activities. The Fusion and Burrard commitments are dated sinking-fund items on the calendar and are NOT netted off this line — doing so previously drove recurring sports to $0, which is not what the household budgeted. Fit4Less at $25/month IS dated and recurring, so it is subtracted, leaving $225.","data.json","load-bearing engine input","public/forecast.js → Plan/Modellers","yes"
"/plan/budget/categories/13/id","string","entertainment","data.json","load-bearing engine input","public/forecast.js → Plan/Modellers","yes"
"/plan/budget/categories/13/label","string","Entertainment","data.json","load-bearing engine input","public/forecast.js → Plan/Modellers","yes"
"/plan/budget/categories/13/class","string","discretionary","data.json","load-bearing engine input","public/forecast.js → Plan/Modellers","yes"
"/plan/budget/categories/13/from/0","string","Entertainment","data.json","load-bearing engine input","public/forecast.js → Plan/Modellers","yes"
"/plan/budget/categories/13/plannedMonthly","null","","data.json","load-bearing engine input","public/forecast.js → Plan/Modellers","yes"
"/plan/budget/categories/13/why","string","Cinema, events and games outside the PayPal channel. Small against the total, entirely optional, and the easiest row on this table to move to zero for a month if the plan needs it.","data.json","load-bearing engine input","public/forecast.js → Plan/Modellers","yes"
"/plan/budget/categories/14/id","string","subscriptions","data.json","load-bearing engine input","public/forecast.js → Plan/Modellers","yes"
"/plan/budget/categories/14/label","string","Subscriptions","data.json","load-bearing engine input","public/forecast.js → Plan/Modellers","yes"
"/plan/budget/categories/14/class","string","discretionary","data.json","load-bearing engine input","public/forecast.js → Plan/Modellers","yes"
"/plan/budget/categories/14/from/0","string","Subscriptions","data.json","load-bearing engine input","public/forecast.js → Plan/Modellers","yes"
"/plan/budget/categories/14/plannedMonthly","number","300","data.json","load-bearing engine input","public/forecast.js → Plan/Modellers","yes"
"/plan/budget/categories/14/ownerLine","string","Subscriptions","data.json","load-bearing engine input","public/forecast.js → Plan/Modellers","yes"
"/plan/budget/categories/14/targetSource","string","owner-stated-2026-08-10","data.json","load-bearing engine input","public/forecast.js → Plan/Modellers","yes"
"/plan/budget/categories/14/why","string","OWNER TARGET WINS. $300 against $158.86 historical. Higher than the average, which suggests the budget anticipates subscriptions the record has not yet caught. Carried as stated.","data.json","load-bearing engine input","public/forecast.js → Plan/Modellers","yes"
"/plan/budget/categories/15/id","string","school","data.json","load-bearing engine input","public/forecast.js → Plan/Modellers","yes"
"/plan/budget/categories/15/label","string","School & clubs","data.json","load-bearing engine input","public/forecast.js → Plan/Modellers","yes"
"/plan/budget/categories/15/class","string","discretionary","data.json","load-bearing engine input","public/forecast.js → Plan/Modellers","yes"
"/plan/budget/categories/15/from/0","string","School & clubs","data.json","load-bearing engine input","public/forecast.js → Plan/Modellers","yes"
"/plan/budget/categories/15/plannedMonthly","null","","data.json","load-bearing engine input","public/forecast.js → Plan/Modellers","yes"
"/plan/budget/categories/15/why","string","School fees and club dues outside the dated lacrosse commitments.","data.json","load-bearing engine input","public/forecast.js → Plan/Modellers","yes"
"/plan/budget/categories/16/id","string","paypal","data.json","load-bearing engine input","public/forecast.js → Plan/Modellers","yes"
"/plan/budget/categories/16/label","string","PayPal — online & app spend","data.json","load-bearing engine input","public/forecast.js → Plan/Modellers","yes"
"/plan/budget/categories/16/class","string","discretionary","data.json","load-bearing engine input","public/forecast.js → Plan/Modellers","yes"
"/plan/budget/categories/16/from/0","string","@paypal","data.json","load-bearing engine input","public/forecast.js → Plan/Modellers","yes"
"/plan/budget/categories/16/plannedMonthly","null","","data.json","load-bearing engine input","public/forecast.js → Plan/Modellers","yes"
"/plan/budget/categories/16/why","string","Gaming, Apple services, streaming and food delivery. Drawn from chequing as funding pulls, which the spending series deliberately excludes to avoid counting the same purchase twice — so it is added here from the PayPal exports instead.","data.json","load-bearing engine input","public/forecast.js → Plan/Modellers","yes"
"/plan/budget/categories/17/id","string","uncategorised","data.json","load-bearing engine input","public/forecast.js → Plan/Modellers","yes"
"/plan/budget/categories/17/label","string","Uncategorised","data.json","load-bearing engine input","public/forecast.js → Plan/Modellers","yes"
"/plan/budget/categories/17/class","string","unknown","data.json","load-bearing engine input","public/forecast.js → Plan/Modellers","yes"
"/plan/budget/categories/17/from/0","string","Uncategorised","data.json","load-bearing engine input","public/forecast.js → Plan/Modellers","yes"
"/plan/budget/categories/17/plannedMonthly","null","","data.json","load-bearing engine input","public/forecast.js → Plan/Modellers","yes"
"/plan/budget/categories/17/why","string","4.5% of spending that no merchant pattern matches. It is real money leaving real accounts, so it is counted as REQUIRED alongside the essentials — treating it as discretionary would quietly assume it can be cut.","data.json","load-bearing engine input","public/forecast.js → Plan/Modellers","yes"
"/plan/budget/excluded/0/from","string","Business","data.json","load-bearing engine input","public/forecast.js → Plan/Modellers","yes"
"/plan/budget/excluded/0/why","string","Amanda's coaching costs. Pass-through spending settled from her own account, not household money — counting it here would charge the household for a cost it does not pay.","data.json","load-bearing engine input","public/forecast.js → Plan/Modellers","yes"
"/plan/nextDollar/policy","string","protect-then-highest-cost","data.json","load-bearing engine input","public/forecast.js → Plan/Modellers","yes"
"/plan/nextDollar/provenance","string","derived","data.json","load-bearing engine input","public/forecast.js → Plan/Modellers","yes"
"/plan/nextDollar/provenanceNote","string","DERIVED PLAN POLICY, not an owner instruction. Neither Dale nor Amanda has stated or approved this ordering; it was derived by the implementation from the current financial facts — the penalty-rate clock on the TD credit card, the over-limit fee on the Cash Back Visa, and the HELOC crossing its own limit inside the window. It was previously presented as a household decision, which no owner statement supported. The ordering is offered as a recommendation and remains open to the owner overridin...","data.json","load-bearing engine input","public/forecast.js → Plan/Modellers","yes"
"/plan/nextDollar/target","string","cashback","data.json","load-bearing engine input","public/forecast.js → Plan/Modellers","yes"
"/plan/nextDollar/summary","string","The next surplus dollar goes to the TD Cash Back Visa: it is the highest rate the household pays at 26.99%, and it is the only card currently over its limit, so paying it down removes an interest charge and a monthly over-limit fee at the same time.","data.json","load-bearing engine input","public/forecast.js → Plan/Modellers","yes"
"/plan/nextDollar/order/0/rank","number","1","data.json","load-bearing engine input","public/forecast.js → Plan/Modellers","yes"
"/plan/nextDollar/order/0/rule","string","Protect the required payments","data.json","load-bearing engine input","public/forecast.js → Plan/Modellers","yes"
"/plan/nextDollar/order/0/why","string","Every dated minimum and the mortgage come first. A missed minimum on the TD credit card is the most expensive event available to this household — a fifth one restarts the 24.99% penalty rate for another twelve months.","data.json","load-bearing engine input","public/forecast.js → Plan/Modellers","yes"
"/plan/nextDollar/order/1/rank","number","2","data.json","load-bearing engine input","public/forecast.js → Plan/Modellers","yes"
"/plan/nextDollar/order/1/rule","string","Cover the opening timing gap","data.json","load-bearing engine input","public/forecast.js → Plan/Modellers","yes"
"/plan/nextDollar/order/1/why","string","The 12 August registrations cannot clear on $79.84. Nothing else in the plan matters until they can.","data.json","load-bearing engine input","public/forecast.js → Plan/Modellers","yes"
"/plan/nextDollar/order/2/rank","number","3","data.json","load-bearing engine input","public/forecast.js → Plan/Modellers","yes"
"/plan/nextDollar/order/2/rule","string","Correct the over-limit conditions","data.json","load-bearing engine input","public/forecast.js → Plan/Modellers","yes"
"/plan/nextDollar/order/2/why","string","The TD Cash Back Visa is $612.43 over its $5,000 limit and is charged a $29 monthly over-limit fee on top of 26.99% interest. Getting it back inside the limit is a guaranteed return, not a forecast one.","data.json","load-bearing engine input","public/forecast.js → Plan/Modellers","yes"
"/plan/nextDollar/order/3/rank","number","4","data.json","load-bearing engine input","public/forecast.js → Plan/Modellers","yes"
"/plan/nextDollar/order/3/rule","string","Hold the $500 household buffer","data.json","load-bearing engine input","public/forecast.js → Plan/Modellers","yes"
"/plan/nextDollar/order/3/why","string","Below that, an ordinary mistimed bill becomes an NSF fee and an overdraft charge, which is how the last twelve months produced $145/month of avoidable bank fees.","data.json","load-bearing engine input","public/forecast.js → Plan/Modellers","yes"
"/plan/nextDollar/order/4/rank","number","5","data.json","load-bearing engine input","public/forecast.js → Plan/Modellers","yes"
"/plan/nextDollar/order/4/rule","string","Fund the essential variable spending","data.json","load-bearing engine input","public/forecast.js → Plan/Modellers","yes"
"/plan/nextDollar/order/4/why","string","Groceries, fuel, phones and medical. Cutting these to service debt is how a plan gets abandoned in week three.","data.json","load-bearing engine input","public/forecast.js → Plan/Modellers","yes"
"/plan/nextDollar/order/5/rank","number","6","data.json","load-bearing engine input","public/forecast.js → Plan/Modellers","yes"
"/plan/nextDollar/order/5/rule","string","Stop new HELOC and revolving growth","data.json","load-bearing engine input","public/forecast.js → Plan/Modellers","yes"
"/plan/nextDollar/order/5/why","string","The HELOC capitalises about $814 a month with nothing repaying it, and passes its own limit inside this window on that alone. Any new draw brings that date forward. This ranks above extra repayment because growth compounds against every future month.","data.json","load-bearing engine input","public/forecast.js → Plan/Modellers","yes"
"/plan/nextDollar/order/6/rank","number","7","data.json","load-bearing engine input","public/forecast.js → Plan/Modellers","yes"
"/plan/nextDollar/order/6/rule","string","Direct verified surplus to the highest effective-cost consumer debt","data.json","load-bearing engine input","public/forecast.js → Plan/Modellers","yes"
"/plan/nextDollar/order/6/why","string","By rate that is the TD Cash Back Visa at 26.99%, then the TD credit card at its 24.99% penalty rate, then Triangle at 21.99%. Effective cost, not headline rate: the Cash Back card also carries the over-limit fee, which makes its real cost higher still.","data.json","load-bearing engine input","public/forecast.js → Plan/Modellers","yes"
"/plan/nextDollar/note","string","Encoded explicitly so the plan cannot quietly apply a different one, and evaluated against current facts rather than applied blindly: the ordering puts stopping HELOC growth above extra card repayment specifically because the HELOC breaches its limit inside this window without anyone borrowing another dollar. See provenanceNote — this is Atlas's recommendation, not a household decision.","data.json","load-bearing engine input","public/forecast.js → Plan/Modellers","yes"
"/plan/actions/0/what","string","Fund the 12 August registrations — Amanda's account, or failing that the HELOC","data.json","load-bearing engine input","public/forecast.js → Plan/Modellers","yes"
"/plan/actions/0/amount","number","1050","data.json","load-bearing engine input","public/forecast.js → Plan/Modellers","yes"
"/plan/actions/0/due","string","2026-08-11","data.json","load-bearing engine input","public/forecast.js → Plan/Modellers","yes"
"/plan/actions/0/why","string","Both registrations are paid on the same day and total $623.00; the household accounts hold $79.84. Cards and the overdraft cannot cover it — combined they reach $348.11. That leaves two sources, and they are not equal. Amanda releasing about $1,050 from her tennis account costs nothing and adds no debt. The HELOC reaches the amount but should be the last resort, not the fallback: it capitalises about $814 a month with nothing repaying it and passes its own limit on 30 September as it stands, ...","data.json","load-bearing engine input","public/forecast.js → Plan/Modellers","yes"
"/plan/actions/0/status","string","open","data.json","load-bearing engine input","public/forecast.js → Plan/Modellers","yes"
"/plan/actions/0/owner","string","Amanda, then both","data.json","load-bearing engine input","public/forecast.js → Plan/Modellers","yes"
"/plan/actions/1/what","string","Fund the Fusion camp","data.json","load-bearing engine input","public/forecast.js → Plan/Modellers","yes"
"/plan/actions/1/amount","number","786","data.json","load-bearing engine input","public/forecast.js → Plan/Modellers","yes"
"/plan/actions/1/due","string","2026-08-16","data.json","load-bearing engine input","public/forecast.js → Plan/Modellers","yes"
"/plan/actions/1/why","string","The largest single item before month-end, landing two days after payday. The date is approximate — confirm it, because a week earlier would breach the low point.","data.json","load-bearing engine input","public/forecast.js → Plan/Modellers","yes"
"/plan/actions/1/status","string","open","data.json","load-bearing engine input","public/forecast.js → Plan/Modellers","yes"
"/plan/actions/2/what","string","Pay the TD credit card minimum","data.json","load-bearing engine input","public/forecast.js → Plan/Modellers","yes"
"/plan/actions/2/amount","number","94.03","data.json","load-bearing engine input","public/forecast.js → Plan/Modellers","yes"
"/plan/actions/2/due","string","2026-08-17","data.json","load-bearing engine input","public/forecast.js → Plan/Modellers","yes"
"/plan/actions/2/why","string","A fifth missed minimum restarts the 24.99% penalty-rate clock for another twelve months.","data.json","load-bearing engine input","public/forecast.js → Plan/Modellers","yes"
"/plan/actions/2/status","string","open","data.json","load-bearing engine input","public/forecast.js → Plan/Modellers","yes"
"/plan/actions/3/what","string","Get the Cash Back Visa back under $5,000","data.json","load-bearing engine input","public/forecast.js → Plan/Modellers","yes"
"/plan/actions/3/amount","number","762.36","data.json","load-bearing engine input","public/forecast.js → Plan/Modellers","yes"
"/plan/actions/3/due","string","2026-09-01","data.json","load-bearing engine input","public/forecast.js → Plan/Modellers","yes"
"/plan/actions/3/why","string","The September minimum includes the $612.43 over-limit excess. Posting it by the 1st — before the statement closes on the 7th — stops the $29 monthly over-limit fee.","data.json","load-bearing engine input","public/forecast.js → Plan/Modellers","yes"
"/plan/actions/3/status","string","open","data.json","load-bearing engine input","public/forecast.js → Plan/Modellers","yes"
"/plan/actions/4/what","string","Agree a standing transfer from Amanda's account","data.json","load-bearing engine input","public/forecast.js → Plan/Modellers","yes"
"/plan/actions/4/amount","number","1100","data.json","load-bearing engine input","public/forecast.js → Plan/Modellers","yes"
"/plan/actions/4/due","string","2026-08-15","data.json","load-bearing engine input","public/forecast.js → Plan/Modellers","yes"
"/plan/actions/4/why","string","The household side runs on $79.84 while $2,691.85 sits in her account, and the transfers across are ad hoc — 127 of them, mostly $100 to $350. A fixed amount on a fixed day after her 15th and month-end pay would remove this whole class of problem and make the plan predictable instead of a guess about timing.","data.json","load-bearing engine input","public/forecast.js → Plan/Modellers","yes"
"/plan/actions/4/status","string","open","data.json","load-bearing engine input","public/forecast.js → Plan/Modellers","yes"
"/plan/actions/4/owner","string","Both","data.json","load-bearing engine input","public/forecast.js → Plan/Modellers","yes"
"/plan/actionsNote","string","The first is new and it is the one that matters: on the household accounts alone there is not enough to pay the 12 August registrations.","data.json","rendered explanatory text","Records / Plan presentation","no"
"/plan/assumptions/0","string","The window is the 13 weeks (91 days) starting on the as-of date. Every date in the projection is derived from that date — nothing is hardcoded to a calendar month.","data.json","rendered explanatory text","Records / Plan presentation","no"
"/plan/assumptions/1","string","Deposits are assumed to land before payments due the same day. Payday-timed bills (the mortgage on the 14th) are arranged on exactly that assumption.","data.json","rendered explanatory text","Records / Plan presentation","no"
"/plan/assumptions/2","string","Every figure is tagged. Confirmed means the institution or a long observed history states it; estimated means it is modelled and shown in amber with a ≈ mark throughout.","data.json","rendered explanatory text","Records / Plan presentation","no"
"/plan/assumptions/3","string","Future card statement minimums are estimates carried at the current level; real minimums move with the balance.","data.json","rendered explanatory text","Records / Plan presentation","no"
"/plan/assumptions/4","string","Named recurring bills — FortisBC, Shaw, BCAA, ICBC, Fit4Less, the TD account fees — are dated on the calendar with days extracted from the transaction history, and are excluded from the variable budget so nothing is counted twice. The variable budget covers everything else: groceries, fuel, phones, streaming, PayPal and the rest.","data.json","rendered explanatory text","Records / Plan presentation","no"
"/plan/assumptions/5","string","One known cost has no reliable date and is NOT on the calendar: the Telus phone bills, absent from every captured account since March 2026, route unknown. It rides inside the household budget's telecom average instead. BC Hydro is NOT in that position — it moved to Amanda's account in May 2026 and she has paid it there since, so it is neither dated here nor carried in the household averages. Counting it in both places was the error this replaces.","data.json","rendered explanatory text","Records / Plan presentation","no"
"/plan/assumptions/6","string","Each week's 'keep above' figure is the closing balance below which the rest of the window would breach the buffer even with everything going to plan — it is the week-by-week track to stay on, computed backwards from the end of the window.","data.json","rendered explanatory text","Records / Plan presentation","no"
"/plan/assumptions/7","string","The plan is the HOUSEHOLD SPENDING ACCOUNTS ONLY — Chequing A, Chequing B and Savings. Amanda's DEBT&PAYMENTS account is a separate pot: her Tennis BC pay lands there, coaches are paid from it, and only the remainder crosses over. Neither its balance nor her gross pay is counted as household money; only her actual transfers are, measured from the transfer record. Internal transfers between household accounts are excluded throughout.","data.json","rendered explanatory text","Records / Plan presentation","no"
"/plan/assumptions/8","string","Because her account is excluded, so is what it pays. She settles BC Hydro, part of the MBNA minimum and some card payments direct from it — roughly $940/month that never appears in this plan. Every card minimum is nonetheless charged to the household here, which is the cautious reading: if she keeps paying a share, the household finishes better than shown.","data.json","rendered explanatory text","Records / Plan presentation","no"
"/plan/assumptions/9","string","HELOC interest is capitalised, not paid. It is charged as a debit on the HELOC itself at month-end and no matching chequing payment exists, so it is shown on the calendar and excluded from the cash maths. That is not good news — it means the balance grows by about $814 every month with nothing repaying it.","data.json","rendered explanatory text","Records / Plan presentation","no"
"/plan/assumptions/10","string","No bonus is modelled: bonuses have historically landed in February and July, outside this window.","data.json","rendered explanatory text","Records / Plan presentation","no"
"/plan/assumptions/11","string","The recommended weekly budget is solved from the forecast: the largest weekly spend that keeps the projected balance above the target buffer on every single day of the window.","data.json","rendered explanatory text","Records / Plan presentation","no"
"/plan/assumptions/12","string","Room for extra debt repayment is measured at the end of the window — cash projected above the buffer once every obligation and commitment has cleared. Paying it earlier than the low point would breach the buffer.","data.json","rendered explanatory text","Records / Plan presentation","no"
"/plan/assumptions/13","string","The HELOC passes its own limit inside this window with no new borrowing. It is 99.5% drawn, its interest capitalises onto the balance at about $814 a month, and nothing repays it — so the balance crosses $202,654 on 30 September on that alone. This is projected from the observed charge, not read from a statement, and it is why stopping HELOC growth ranks above extra card repayment in the next-dollar policy.","data.json","rendered explanatory text","Records / Plan presentation","no"
"/headline/0/label","string","Total debt","data.json","stored/rendered but not master-plan input","Deep Dive display","no"
"/headline/0/value","number","777455.57","data.json","stored/rendered but not master-plan input","Deep Dive display","no"
"/headline/0/tone","string","plain","data.json","stored/rendered but not master-plan input","Deep Dive display","no"
"/headline/0/note","string","Every consumer debt in the household is now captured. Nothing outstanding.","data.json","stored/rendered but not master-plan input","Deep Dive display","no"
"/headline/1/label","string","Interest cost / year","data.json","stored/rendered but not master-plan input","Deep Dive display","no"
"/headline/1/value","number","36546.11","data.json","stored/rendered but not master-plan input","Deep Dive display","no"
"/headline/1/tone","string","warn","data.json","stored/rendered but not master-plan input","Deep Dive display","no"
"/headline/1/sub/value","number","17105.11","data.json","stored/rendered but not master-plan input","Deep Dive display","no"
"/headline/1/sub/label","string","excluding the mortgage","data.json","stored/rendered but not master-plan input","Deep Dive display","no"
"/headline/1/note","string","About $3,046 every month, of which about $1,425 is not the mortgage","data.json","stored/rendered but not master-plan input","Deep Dive display","no"
"/headline/2/label","string","Credit left, everywhere","data.json","stored/rendered but not master-plan input","Deep Dive display","no"
"/headline/2/value","number","1415.95","data.json","stored/rendered but not master-plan input","Deep Dive display","no"
"/headline/2/tone","string","alert","data.json","stored/rendered but not master-plan input","Deep Dive display","no"
"/headline/2/note","string","Across seven facilities combined","data.json","stored/rendered but not master-plan input","Deep Dive display","no"
"/upcoming/0/due","string","2026-08-07","data.json","secondary engine input","Forecast.nextDue + Deep Dive direct table","partial"
"/upcoming/0/what","string","Triangle Mastercard minimum","data.json","secondary engine input","Forecast.nextDue + Deep Dive direct table","partial"
"/upcoming/0/amount","number","253.57","data.json","secondary engine input","Forecast.nextDue + Deep Dive direct table","partial"
"/upcoming/0/status","string","paid","data.json","secondary engine input","Forecast.nextDue + Deep Dive direct table","partial"
"/upcoming/0/note","string","Paid $300.00 on 9 Aug — two days late, watch for a fee","data.json","secondary engine input","Forecast.nextDue + Deep Dive direct table","partial"
"/upcoming/1/due","string","2026-08-04","data.json","secondary engine input","Forecast.nextDue + Deep Dive direct table","partial"
"/upcoming/1/what","string","TD Cash Back Visa — July statement minimum","data.json","secondary engine input","Forecast.nextDue + Deep Dive direct table","partial"
"/upcoming/1/amount","number","69.93","data.json","secondary engine input","Forecast.nextDue + Deep Dive direct table","partial"
"/upcoming/1/status","string","paid","data.json","secondary engine input","Forecast.nextDue + Deep Dive direct table","partial"
"/upcoming/1/note","string","Missed on 4 Aug; $70.00 paid on 9 Aug, five days late. Available credit went from $0.00 to $70.00, so the freeze has lifted","data.json","secondary engine input","Forecast.nextDue + Deep Dive direct table","partial"
"/upcoming/2/due","string","2026-08-12","data.json","secondary engine input","Forecast.nextDue + Deep Dive direct table","partial"
"/upcoming/2/what","string","Burrard registration — child 1","data.json","secondary engine input","Forecast.nextDue + Deep Dive direct table","partial"
"/upcoming/2/amount","number","320","data.json","secondary engine input","Forecast.nextDue + Deep Dive direct table","partial"
"/upcoming/2/status","string","due","data.json","secondary engine input","Forecast.nextDue + Deep Dive direct table","partial"
"/upcoming/2/kind","string","commitment","data.json","secondary engine input","Forecast.nextDue + Deep Dive direct table","partial"
"/upcoming/2/note","string","Lacrosse. Deadline is the 12th, two days before payday","data.json","secondary engine input","Forecast.nextDue + Deep Dive direct table","partial"
"/upcoming/3/due","string","2026-08-12","data.json","secondary engine input","Forecast.nextDue + Deep Dive direct table","partial"
"/upcoming/3/what","string","Burrard registration — child 2","data.json","secondary engine input","Forecast.nextDue + Deep Dive direct table","partial"
"/upcoming/3/amount","number","303","data.json","secondary engine input","Forecast.nextDue + Deep Dive direct table","partial"
"/upcoming/3/status","string","due","data.json","secondary engine input","Forecast.nextDue + Deep Dive direct table","partial"
"/upcoming/3/kind","string","commitment","data.json","secondary engine input","Forecast.nextDue + Deep Dive direct table","partial"
"/upcoming/3/note","string","Lacrosse. Same deadline as child 1 — $623.00 together","data.json","secondary engine input","Forecast.nextDue + Deep Dive direct table","partial"
"/upcoming/4/due","string","2026-08-14","data.json","secondary engine input","Forecast.nextDue + Deep Dive direct table","partial"
"/upcoming/4/what","string","Mortgage (bi-weekly)","data.json","secondary engine input","Forecast.nextDue + Deep Dive direct table","partial"
"/upcoming/4/amount","number","1600","data.json","secondary engine input","Forecast.nextDue + Deep Dive direct table","partial"
"/upcoming/4/status","string","due","data.json","secondary engine input","Forecast.nextDue + Deep Dive direct table","partial"
"/upcoming/4/note","string","Falls on the Seaspan payday. Amanda's Tennis BC pay does NOT land the same day — it is semi-monthly, on the 15th and month-end.","data.json","secondary engine input","Forecast.nextDue + Deep Dive direct table","partial"
"/upcoming/5/due","string","2026-08-16","data.json","secondary engine input","Forecast.nextDue + Deep Dive direct table","partial"
"/upcoming/5/what","string","Fusion camp","data.json","secondary engine input","Forecast.nextDue + Deep Dive direct table","partial"
"/upcoming/5/amount","number","786","data.json","secondary engine input","Forecast.nextDue + Deep Dive direct table","partial"
"/upcoming/5/status","string","due","data.json","secondary engine input","Forecast.nextDue + Deep Dive direct table","partial"
"/upcoming/5/kind","string","commitment","data.json","secondary engine input","Forecast.nextDue + Deep Dive direct table","partial"
"/upcoming/5/note","string","Stated as ""next week"" — date is approximate. The largest single item before payday","data.json","secondary engine input","Forecast.nextDue + Deep Dive direct table","partial"
"/upcoming/6/due","string","2026-08-17","data.json","secondary engine input","Forecast.nextDue + Deep Dive direct table","partial"
"/upcoming/6/what","string","TD credit card minimum","data.json","secondary engine input","Forecast.nextDue + Deep Dive direct table","partial"
"/upcoming/6/amount","number","94.03","data.json","secondary engine input","Forecast.nextDue + Deep Dive direct table","partial"
"/upcoming/6/status","string","due","data.json","secondary engine input","Forecast.nextDue + Deep Dive direct table","partial"
"/upcoming/6/note","string","Must post by the 17th — a fifth miss restarts the penalty-rate clock","data.json","secondary engine input","Forecast.nextDue + Deep Dive direct table","partial"
"/upcoming/7/due","string","2026-08-21","data.json","secondary engine input","Forecast.nextDue + Deep Dive direct table","partial"
"/upcoming/7/what","string","HELOC interest charged","data.json","secondary engine input","Forecast.nextDue + Deep Dive direct table","partial"
"/upcoming/7/amount","number","814.18","data.json","secondary engine input","Forecast.nextDue + Deep Dive direct table","partial"
"/upcoming/7/status","string","scheduled","data.json","secondary engine input","Forecast.nextDue + Deep Dive direct table","partial"
"/upcoming/7/note","string","Capitalised onto the HELOC balance — no cash leaves any chequing account. It is a real cost: the balance grows by this much and nothing repays it.","data.json","secondary engine input","Forecast.nextDue + Deep Dive direct table","partial"
"/upcoming/7/kind","string","noncash","data.json","secondary engine input","Forecast.nextDue + Deep Dive direct table","partial"
"/upcoming/8/due","string","2026-08-22","data.json","secondary engine input","Forecast.nextDue + Deep Dive direct table","partial"
"/upcoming/8/what","string","Fusion tryouts","data.json","secondary engine input","Forecast.nextDue + Deep Dive direct table","partial"
"/upcoming/8/amount","number","140","data.json","secondary engine input","Forecast.nextDue + Deep Dive direct table","partial"
"/upcoming/8/status","string","due","data.json","secondary engine input","Forecast.nextDue + Deep Dive direct table","partial"
"/upcoming/8/kind","string","commitment","data.json","secondary engine input","Forecast.nextDue + Deep Dive direct table","partial"
"/upcoming/8/note","string","Lands the day after the HELOC minimum","data.json","secondary engine input","Forecast.nextDue + Deep Dive direct table","partial"
"/upcoming/9/due","string","2026-08-26","data.json","secondary engine input","Forecast.nextDue + Deep Dive direct table","partial"
"/upcoming/9/what","string","Travel Visa minimum","data.json","secondary engine input","Forecast.nextDue + Deep Dive direct table","partial"
"/upcoming/9/amount","number","17","data.json","secondary engine input","Forecast.nextDue + Deep Dive direct table","partial"
"/upcoming/9/status","string","due","data.json","secondary engine input","Forecast.nextDue + Deep Dive direct table","partial"
"/upcoming/9/note","string","","data.json","secondary engine input","Forecast.nextDue + Deep Dive direct table","partial"
"/upcoming/10/due","string","2026-08-31","data.json","secondary engine input","Forecast.nextDue + Deep Dive direct table","partial"
"/upcoming/10/what","string","Amazon.ca Rewards Mastercard minimum","data.json","secondary engine input","Forecast.nextDue + Deep Dive direct table","partial"
"/upcoming/10/amount","number","158.27","data.json","secondary engine input","Forecast.nextDue + Deep Dive direct table","partial"
"/upcoming/10/status","string","due","data.json","secondary engine input","Forecast.nextDue + Deep Dive direct table","partial"
"/upcoming/10/note","string","MBNA. At minimums the issuer estimates 64 years 3 months to clear","data.json","secondary engine input","Forecast.nextDue + Deep Dive direct table","partial"
"/upcoming/11/due","string","2026-09-01","data.json","secondary engine input","Forecast.nextDue + Deep Dive direct table","partial"
"/upcoming/11/what","string","TD Cash Back Visa minimum","data.json","secondary engine input","Forecast.nextDue + Deep Dive direct table","partial"
"/upcoming/11/amount","number","762.36","data.json","secondary engine input","Forecast.nextDue + Deep Dive direct table","partial"
"/upcoming/11/status","string","due","data.json","secondary engine input","Forecast.nextDue + Deep Dive direct table","partial"
"/upcoming/11/note","string","Eleven times last month's $69.93, because going over the limit makes the excess immediately due. Under $5,000 before the 7th stops the $29 over-limit fee","data.json","secondary engine input","Forecast.nextDue + Deep Dive direct table","partial"
"/upcomingNote","string","The tight moment is 12 August. Burrard ($623.00) falls two days before payday against $79.84 of spendable household cash — Chequing A, Chequing B and Savings — so on the household accounts alone it does not clear; the Plan page sizes the gap at $1,043.16 including the $500 buffer and shows what can cover it. The Fusion camp ($786.00) follows on the 16th, after payday. There is $1,415.98 of credit left across every facility combined, and $247.18 of that is already spoken for by pending charges...","data.json","stored/rendered but not master-plan input","Deep Dive display","no"
"/commitments/heading","string","Big-ticket items already committed","data.json","stored/rendered but not master-plan input","Deep Dive commitment summary","no"
"/commitments/note","string","Beyond the dates above. Kept here so they do not arrive as a surprise — sports commitments across August to December total about $4,349, roughly $870/month, against the $348/month youth lacrosse has actually averaged. That is two and a half times the established rate, and the funding record below shows $2,269.80 of past lacrosse cost went onto the HELOC at 4.90%.","data.json","stored/rendered but not master-plan input","Deep Dive commitment summary","no"
"/commitments/items/0/what","string","Warriors Elite Academy","data.json","stored/rendered but not master-plan input","Deep Dive commitment summary","no"
"/commitments/items/0/when","string","September 2026","data.json","stored/rendered but not master-plan input","Deep Dive commitment summary","no"
"/commitments/items/0/amount","number","800","data.json","stored/rendered but not master-plan input","Deep Dive commitment summary","no"
"/commitments/items/0/confidence","string","committed","data.json","stored/rendered but not master-plan input","Deep Dive commitment summary","no"
"/commitments/items/0/note","string","Amount is the owner's figure, stated as ""about $800"", and not yet invoiced. The commitment itself is firm.","data.json","stored/rendered but not master-plan input","Deep Dive commitment summary","no"
"/commitments/items/1/what","string","Fusion season fees","data.json","stored/rendered but not master-plan input","Deep Dive commitment summary","no"
"/commitments/items/1/when","string","September – December 2026","data.json","stored/rendered but not master-plan input","Deep Dive commitment summary","no"
"/commitments/items/1/amount","number","2000","data.json","stored/rendered but not master-plan input","Deep Dive commitment summary","no"
"/commitments/items/1/confidence","string","committed","data.json","stored/rendered but not master-plan input","Deep Dive commitment summary","no"
"/commitments/items/1/note","string","Tryouts are 22 August and selection is expected (owner-stated 9 Aug). Planned as roughly $500/month across four months rather than a lump sum, so it lands as a recurring cost, not a one-off.","data.json","stored/rendered but not master-plan input","Deep Dive commitment summary","no"
"/commitments/schedule/0/m","string","September","data.json","stored/rendered but not master-plan input","Deep Dive commitment summary","no"
"/commitments/schedule/0/amount","number","1300","data.json","stored/rendered but not master-plan input","Deep Dive commitment summary","no"
"/commitments/schedule/0/note","string","Warriors $800 plus the first Fusion instalment","data.json","stored/rendered but not master-plan input","Deep Dive commitment summary","no"
"/commitments/schedule/1/m","string","October","data.json","stored/rendered but not master-plan input","Deep Dive commitment summary","no"
"/commitments/schedule/1/amount","number","500","data.json","stored/rendered but not master-plan input","Deep Dive commitment summary","no"
"/commitments/schedule/1/note","string","Fusion","data.json","stored/rendered but not master-plan input","Deep Dive commitment summary","no"
"/commitments/schedule/2/m","string","November","data.json","stored/rendered but not master-plan input","Deep Dive commitment summary","no"
"/commitments/schedule/2/amount","number","500","data.json","stored/rendered but not master-plan input","Deep Dive commitment summary","no"
"/commitments/schedule/2/note","string","Fusion","data.json","stored/rendered but not master-plan input","Deep Dive commitment summary","no"
"/commitments/schedule/3/m","string","December","data.json","stored/rendered but not master-plan input","Deep Dive commitment summary","no"
"/commitments/schedule/3/amount","number","500","data.json","stored/rendered but not master-plan input","Deep Dive commitment summary","no"
"/commitments/schedule/3/note","string","Fusion","data.json","stored/rendered but not master-plan input","Deep Dive commitment summary","no"
"/commitments/total","number","2800","data.json","stored/rendered but not master-plan input","Deep Dive commitment summary","no"
"/commitments/totalNote","string","Both are treated as committed: the Fusion season is written in on the expectation of selection rather than held back as a maybe. September is the heavy month at $1,300, and it arrives alongside the TD Cash Back minimum. Amounts remain owner-stated rather than invoiced, so they are planning figures — and they stay out of the headline cash and debt tiles, which carry institution-verified amounts only.","data.json","stored/rendered but not master-plan input","Deep Dive commitment summary","no"
"/debts/0/id","string","mortgage","data.json","load-bearing engine input","public/forecast.js payoff/debt projection + pages","yes"
"/debts/0/label","string","Mortgage","data.json","load-bearing engine input","public/forecast.js payoff/debt projection + pages","yes"
"/debts/0/institution","string","TD","data.json","load-bearing engine input","public/forecast.js payoff/debt projection + pages","yes"
"/debts/0/interestByEvent","boolean","true","data.json","load-bearing engine input","public/forecast.js payoff/debt projection + pages","yes"
"/debts/0/principalShare","number","0.524","data.json","load-bearing engine input","public/forecast.js payoff/debt projection + pages","yes"
"/debts/0/postedBalance","number","546026.58","data.json","load-bearing engine input","public/forecast.js payoff/debt projection + pages","yes"
"/debts/0/pending","number","0","data.json","load-bearing engine input","public/forecast.js payoff/debt projection + pages","yes"
"/debts/0/balance","number","546026.58","data.json","load-bearing engine input","public/forecast.js payoff/debt projection + pages","yes"
"/debts/0/rate","number","3.64","data.json","load-bearing engine input","public/forecast.js payoff/debt projection + pages","yes"
"/debts/0/rateBasis","string","TD Mortgage Prime − 0.96%","data.json","load-bearing engine input","public/forecast.js payoff/debt projection + pages","yes"
"/debts/0/rateConvention","string","variable","data.json","load-bearing engine input","public/forecast.js payoff/debt projection + pages","yes"
"/debts/0/structure","string","Amortising — 52.4% of each payment is principal","data.json","load-bearing engine input","public/forecast.js payoff/debt projection + pages","yes"
"/debts/0/annualInterest","number","19441","data.json","load-bearing engine input","public/forecast.js payoff/debt projection + pages","yes"
"/debts/0/payment","number","1600","data.json","load-bearing engine input","public/forecast.js payoff/debt projection + pages","yes"
"/debts/0/interestTreatment","string","paid-in-payment","data.json","load-bearing engine input","public/forecast.js payoff/debt projection + pages","yes"
"/debts/0/cashPayment","number","1600","data.json","load-bearing engine input","public/forecast.js payoff/debt projection + pages","yes"
"/debts/0/frequency","string","Bi-weekly","data.json","load-bearing engine input","public/forecast.js payoff/debt projection + pages","yes"
"/debts/0/nextDue","string","2026-08-14","data.json","load-bearing engine input","public/forecast.js payoff/debt projection + pages","yes"
"/debts/0/limit","null","","data.json","load-bearing engine input","public/forecast.js payoff/debt projection + pages","yes"
"/debts/0/confidence","string","verified","data.json","load-bearing engine input","public/forecast.js payoff/debt projection + pages","yes"
"/debts/0/secured","boolean","true","data.json","load-bearing engine input","public/forecast.js payoff/debt projection + pages","yes"
"/debts/1/id","string","heloc","data.json","load-bearing engine input","public/forecast.js payoff/debt projection + pages","yes"
"/debts/1/label","string","HELOC","data.json","load-bearing engine input","public/forecast.js payoff/debt projection + pages","yes"
"/debts/1/institution","string","TD","data.json","load-bearing engine input","public/forecast.js payoff/debt projection + pages","yes"
"/debts/1/interestByEvent","boolean","true","data.json","load-bearing engine input","public/forecast.js payoff/debt projection + pages","yes"
"/debts/1/postedBalance","number","201586.16","data.json","load-bearing engine input","public/forecast.js payoff/debt projection + pages","yes"
"/debts/1/pending","number","0","data.json","load-bearing engine input","public/forecast.js payoff/debt projection + pages","yes"
"/debts/1/balance","number","201586.16","data.json","load-bearing engine input","public/forecast.js payoff/debt projection + pages","yes"
"/debts/1/rate","number","4.9","data.json","load-bearing engine input","public/forecast.js payoff/debt projection + pages","yes"
"/debts/1/rateBasis","string","TD Prime + 0.45%","data.json","load-bearing engine input","public/forecast.js payoff/debt projection + pages","yes"
"/debts/1/rateConvention","string","variable","data.json","load-bearing engine input","public/forecast.js payoff/debt projection + pages","yes"
"/debts/1/structure","string","Interest-only revolving — never amortises","data.json","load-bearing engine input","public/forecast.js payoff/debt projection + pages","yes"
"/debts/1/annualInterest","number","9877.72","data.json","load-bearing engine input","public/forecast.js payoff/debt projection + pages","yes"
"/debts/1/payment","number","814.18","data.json","load-bearing engine input","public/forecast.js payoff/debt projection + pages","yes"
"/debts/1/interestTreatment","string","capitalised","data.json","load-bearing engine input","public/forecast.js payoff/debt projection + pages","yes"
"/debts/1/cashPayment","number","0","data.json","load-bearing engine input","public/forecast.js payoff/debt projection + pages","yes"
"/debts/1/monthlyInterest","number","814.18","data.json","load-bearing engine input","public/forecast.js payoff/debt projection + pages","yes"
"/debts/1/frequency","string","Monthly interest charge — not a payment","data.json","load-bearing engine input","public/forecast.js payoff/debt projection + pages","yes"
"/debts/1/nextDue","string","2026-08-21","data.json","load-bearing engine input","public/forecast.js payoff/debt projection + pages","yes"
"/debts/1/limit","number","202654","data.json","load-bearing engine input","public/forecast.js payoff/debt projection + pages","yes"
"/debts/1/confidence","string","verified","data.json","load-bearing engine input","public/forecast.js payoff/debt projection + pages","yes"
"/debts/1/secured","boolean","true","data.json","load-bearing engine input","public/forecast.js payoff/debt projection + pages","yes"
"/debts/1/note","string","Interest is CAPITALISED onto this balance at month end, not paid from any chequing account. $814.18/month is therefore an economic cost and a balance increase, and $0.00 of household cash. The last three charges were $810.09, $787.58 and $814.18, each a debit on the HELOC itself with no matching chequing payment. cashPayment and monthlyInterest are the canonical split; every page derives its wording from interestTreatment and must not present this as a bill that gets paid.","data.json","load-bearing engine input","public/forecast.js payoff/debt projection + pages","yes"
"/debts/2/id","string","triangle","data.json","load-bearing engine input","public/forecast.js payoff/debt projection + pages","yes"
"/debts/2/label","string","Triangle Mastercard","data.json","load-bearing engine input","public/forecast.js payoff/debt projection + pages","yes"
"/debts/2/institution","string","Canadian Tire","data.json","load-bearing engine input","public/forecast.js payoff/debt projection + pages","yes"
"/debts/2/interestByEvent","boolean","false","data.json","load-bearing engine input","public/forecast.js payoff/debt projection + pages","yes"
"/debts/2/secured","boolean","false","data.json","load-bearing engine input","public/forecast.js payoff/debt projection + pages","yes"
"/debts/2/postedBalance","number","13497","data.json","load-bearing engine input","public/forecast.js payoff/debt projection + pages","yes"
"/debts/2/pending","number","0","data.json","load-bearing engine input","public/forecast.js payoff/debt projection + pages","yes"
"/debts/2/balance","number","13497","data.json","load-bearing engine input","public/forecast.js payoff/debt projection + pages","yes"
"/debts/2/rate","number","21.99","data.json","load-bearing engine input","public/forecast.js payoff/debt projection + pages","yes"
"/debts/2/rateBasis","string","Purchases 21.99% / cash 22.99%","data.json","load-bearing engine input","public/forecast.js payoff/debt projection + pages","yes"
"/debts/2/rateConvention","string","card","data.json","load-bearing engine input","public/forecast.js payoff/debt projection + pages","yes"
"/debts/2/structure","string","Revolving — 99.98% used","data.json","load-bearing engine input","public/forecast.js payoff/debt projection + pages","yes"
"/debts/2/annualInterest","number","2880","data.json","load-bearing engine input","public/forecast.js payoff/debt projection + pages","yes"
"/debts/2/payment","number","253.57","data.json","load-bearing engine input","public/forecast.js payoff/debt projection + pages","yes"
"/debts/2/interestTreatment","string","paid","data.json","load-bearing engine input","public/forecast.js payoff/debt projection + pages","yes"
"/debts/2/cashPayment","number","253.57","data.json","load-bearing engine input","public/forecast.js payoff/debt projection + pages","yes"
"/debts/2/frequency","string","Monthly minimum","data.json","load-bearing engine input","public/forecast.js payoff/debt projection + pages","yes"
"/debts/2/nextDue","string","2026-08-07","data.json","load-bearing engine input","public/forecast.js payoff/debt projection + pages","yes"
"/debts/2/limit","number","13500","data.json","load-bearing engine input","public/forecast.js payoff/debt projection + pages","yes"
"/debts/2/confidence","string","verified","data.json","load-bearing engine input","public/forecast.js payoff/debt projection + pages","yes"
"/debts/3/id","string","cashback","data.json","load-bearing engine input","public/forecast.js payoff/debt projection + pages","yes"
"/debts/3/label","string","TD Cash Back Visa","data.json","load-bearing engine input","public/forecast.js payoff/debt projection + pages","yes"
"/debts/3/institution","string","TD","data.json","load-bearing engine input","public/forecast.js payoff/debt projection + pages","yes"
"/debts/3/interestByEvent","boolean","false","data.json","load-bearing engine input","public/forecast.js payoff/debt projection + pages","yes"
"/debts/3/secured","boolean","false","data.json","load-bearing engine input","public/forecast.js payoff/debt projection + pages","yes"
"/debts/3/postedBalance","number","5612.43","data.json","load-bearing engine input","public/forecast.js payoff/debt projection + pages","yes"
"/debts/3/pending","number","0","data.json","load-bearing engine input","public/forecast.js payoff/debt projection + pages","yes"
"/debts/3/balance","number","5612.43","data.json","load-bearing engine input","public/forecast.js payoff/debt projection + pages","yes"
"/debts/3/rate","number","26.99","data.json","load-bearing engine input","public/forecast.js payoff/debt projection + pages","yes"
"/debts/3/rateBasis","string","Purchases 26.99% / cash 27.99%","data.json","load-bearing engine input","public/forecast.js payoff/debt projection + pages","yes"
"/debts/3/rateConvention","string","card","data.json","load-bearing engine input","public/forecast.js payoff/debt projection + pages","yes"
"/debts/3/structure","string","Revolving — $612 over its limit","data.json","load-bearing engine input","public/forecast.js payoff/debt projection + pages","yes"
"/debts/3/annualInterest","number","1902.6","data.json","load-bearing engine input","public/forecast.js payoff/debt projection + pages","yes"
"/debts/3/payment","number","762.36","data.json","load-bearing engine input","public/forecast.js payoff/debt projection + pages","yes"
"/debts/3/interestTreatment","string","paid","data.json","load-bearing engine input","public/forecast.js payoff/debt projection + pages","yes"
"/debts/3/cashPayment","number","762.36","data.json","load-bearing engine input","public/forecast.js payoff/debt projection + pages","yes"
"/debts/3/frequency","string","Monthly minimum","data.json","load-bearing engine input","public/forecast.js payoff/debt projection + pages","yes"
"/debts/3/nextDue","string","2026-09-01","data.json","load-bearing engine input","public/forecast.js payoff/debt projection + pages","yes"
"/debts/3/limit","number","5000","data.json","load-bearing engine input","public/forecast.js payoff/debt projection + pages","yes"
"/debts/3/confidence","string","verified","data.json","load-bearing engine input","public/forecast.js payoff/debt projection + pages","yes"
"/debts/4/id","string","mbna","data.json","load-bearing engine input","public/forecast.js payoff/debt projection + pages","yes"
"/debts/4/label","string","Amazon.ca Rewards Mastercard (MBNA)","data.json","load-bearing engine input","public/forecast.js payoff/debt projection + pages","yes"
"/debts/4/institution","string","MBNA","data.json","load-bearing engine input","public/forecast.js payoff/debt projection + pages","yes"
"/debts/4/interestByEvent","boolean","false","data.json","load-bearing engine input","public/forecast.js payoff/debt projection + pages","yes"
"/debts/4/secured","boolean","false","data.json","load-bearing engine input","public/forecast.js payoff/debt projection + pages","yes"
"/debts/4/postedBalance","number","7855.12","data.json","load-bearing engine input","public/forecast.js payoff/debt projection + pages","yes"
"/debts/4/pending","number","82.05","data.json","load-bearing engine input","public/forecast.js payoff/debt projection + pages","yes"
"/debts/4/balance","number","7855.12","data.json","load-bearing engine input","public/forecast.js payoff/debt projection + pages","yes"
"/debts/4/rate","number","21.74","data.json","load-bearing engine input","public/forecast.js payoff/debt projection + pages","yes"
"/debts/4/rateBasis","string","Purchases 21.74% / cash and transfers 22.99%","data.json","load-bearing engine input","public/forecast.js payoff/debt projection + pages","yes"
"/debts/4/rateConvention","string","card","data.json","load-bearing engine input","public/forecast.js payoff/debt projection + pages","yes"
"/debts/4/structure","string","Revolving — $0 to $7,855 in eight months; 99.2% used once pending is counted","data.json","load-bearing engine input","public/forecast.js payoff/debt projection + pages","yes"
"/debts/4/annualInterest","number","1779.24","data.json","load-bearing engine input","public/forecast.js payoff/debt projection + pages","yes"
"/debts/4/payment","number","158.27","data.json","load-bearing engine input","public/forecast.js payoff/debt projection + pages","yes"
"/debts/4/interestTreatment","string","paid","data.json","load-bearing engine input","public/forecast.js payoff/debt projection + pages","yes"
"/debts/4/cashPayment","number","158.27","data.json","load-bearing engine input","public/forecast.js payoff/debt projection + pages","yes"
"/debts/4/frequency","string","Monthly minimum","data.json","load-bearing engine input","public/forecast.js payoff/debt projection + pages","yes"
"/debts/4/nextDue","string","2026-08-31","data.json","load-bearing engine input","public/forecast.js payoff/debt projection + pages","yes"
"/debts/4/limit","number","8000","data.json","load-bearing engine input","public/forecast.js payoff/debt projection + pages","yes"
"/debts/4/confidence","string","verified","data.json","load-bearing engine input","public/forecast.js payoff/debt projection + pages","yes"
"/debts/4/pendingNote","string","Read from the MBNA card page on 2026-08-09 and reconciled against the limit there: $8,000.00 - $7,855.12 - $82.05 = $62.83 available. Already incurred.","data.json","load-bearing engine input","public/forecast.js payoff/debt projection + pages","yes"
"/debts/5/id","string","tdcc","data.json","load-bearing engine input","public/forecast.js payoff/debt projection + pages","yes"
"/debts/5/label","string","TD credit card","data.json","load-bearing engine input","public/forecast.js payoff/debt projection + pages","yes"
"/debts/5/institution","string","TD","data.json","load-bearing engine input","public/forecast.js payoff/debt projection + pages","yes"
"/debts/5/interestByEvent","boolean","false","data.json","load-bearing engine input","public/forecast.js payoff/debt projection + pages","yes"
"/debts/5/secured","boolean","false","data.json","load-bearing engine input","public/forecast.js payoff/debt projection + pages","yes"
"/debts/5/postedBalance","number","1799.97","data.json","load-bearing engine input","public/forecast.js payoff/debt projection + pages","yes"
"/debts/5/pending","number","0","data.json","load-bearing engine input","public/forecast.js payoff/debt projection + pages","yes"
"/debts/5/balance","number","1799.97","data.json","load-bearing engine input","public/forecast.js payoff/debt projection + pages","yes"
"/debts/5/rate","number","24.99","data.json","load-bearing engine input","public/forecast.js payoff/debt projection + pages","yes"
"/debts/5/rateBasis","string","Penalty rate — normal would be 17.20%","data.json","load-bearing engine input","public/forecast.js payoff/debt projection + pages","yes"
"/debts/5/rateConvention","string","card","data.json","load-bearing engine input","public/forecast.js payoff/debt projection + pages","yes"
"/debts/5/structure","string","Revolving — dormant balance, no purchases","data.json","load-bearing engine input","public/forecast.js payoff/debt projection + pages","yes"
"/debts/5/annualInterest","number","450","data.json","load-bearing engine input","public/forecast.js payoff/debt projection + pages","yes"
"/debts/5/payment","number","94.03","data.json","load-bearing engine input","public/forecast.js payoff/debt projection + pages","yes"
"/debts/5/interestTreatment","string","paid","data.json","load-bearing engine input","public/forecast.js payoff/debt projection + pages","yes"
"/debts/5/cashPayment","number","94.03","data.json","load-bearing engine input","public/forecast.js payoff/debt projection + pages","yes"
"/debts/5/frequency","string","Monthly minimum","data.json","load-bearing engine input","public/forecast.js payoff/debt projection + pages","yes"
"/debts/5/nextDue","string","2026-08-17","data.json","load-bearing engine input","public/forecast.js payoff/debt projection + pages","yes"
"/debts/5/limit","number","2000","data.json","load-bearing engine input","public/forecast.js payoff/debt projection + pages","yes"
"/debts/5/confidence","string","verified","data.json","load-bearing engine input","public/forecast.js payoff/debt projection + pages","yes"
"/debts/6/id","string","travelvisa","data.json","load-bearing engine input","public/forecast.js payoff/debt projection + pages","yes"
"/debts/6/label","string","Travel Visa (business)","data.json","load-bearing engine input","public/forecast.js payoff/debt projection + pages","yes"
"/debts/6/institution","string","TD","data.json","load-bearing engine input","public/forecast.js payoff/debt projection + pages","yes"
"/debts/6/interestByEvent","boolean","false","data.json","load-bearing engine input","public/forecast.js payoff/debt projection + pages","yes"
"/debts/6/secured","boolean","false","data.json","load-bearing engine input","public/forecast.js payoff/debt projection + pages","yes"
"/debts/6/postedBalance","number","1078.31","data.json","load-bearing engine input","public/forecast.js payoff/debt projection + pages","yes"
"/debts/6/pending","number","165.13","data.json","load-bearing engine input","public/forecast.js payoff/debt projection + pages","yes"
"/debts/6/pendingNote","string","Four AMZN Mktp CA purchases dated 6-8 Aug 2026, read from the TD card page on 2026-08-09. Already incurred - not a forecast of future spending.","data.json","load-bearing engine input","public/forecast.js payoff/debt projection + pages","yes"
"/debts/6/balance","number","1078.31","data.json","load-bearing engine input","public/forecast.js payoff/debt projection + pages","yes"
"/debts/6/rate","number","19.99","data.json","load-bearing engine input","public/forecast.js payoff/debt projection + pages","yes"
"/debts/6/rateBasis","string","Purchases 19.99% / cash 22.99%","data.json","load-bearing engine input","public/forecast.js payoff/debt projection + pages","yes"
"/debts/6/rateConvention","string","card","data.json","load-bearing engine input","public/forecast.js payoff/debt projection + pages","yes"
"/debts/6/structure","string","Revolving — over its limit once pending settles","data.json","load-bearing engine input","public/forecast.js payoff/debt projection + pages","yes"
"/debts/6/annualInterest","number","215.55","data.json","load-bearing engine input","public/forecast.js payoff/debt projection + pages","yes"
"/debts/6/payment","number","17","data.json","load-bearing engine input","public/forecast.js payoff/debt projection + pages","yes"
"/debts/6/interestTreatment","string","paid","data.json","load-bearing engine input","public/forecast.js payoff/debt projection + pages","yes"
"/debts/6/cashPayment","number","17","data.json","load-bearing engine input","public/forecast.js payoff/debt projection + pages","yes"
"/debts/6/frequency","string","Monthly minimum","data.json","load-bearing engine input","public/forecast.js payoff/debt projection + pages","yes"
"/debts/6/nextDue","string","2026-08-26","data.json","load-bearing engine input","public/forecast.js payoff/debt projection + pages","yes"
"/debts/6/limit","number","1100","data.json","load-bearing engine input","public/forecast.js payoff/debt projection + pages","yes"
"/debts/6/confidence","string","verified","data.json","load-bearing engine input","public/forecast.js payoff/debt projection + pages","yes"
"/debts/6/note","string","$165.13 of pending charges takes the effective balance to $1,243.44 against a $1,100 limit — $143.44 over. The posted balance alone still reads under the limit, which is why the pending figure is modelled rather than left in prose.","data.json","load-bearing engine input","public/forecast.js payoff/debt projection + pages","yes"
"/debtsNote","string","Affirm/Flexiti is gone: owner-confirmed paid off and closed, $2,654.28 across the window. Every card balance here was read from the institution on 9 August. The Cash Back Visa's $158.55 interest charge is no longer an open question — it is 26.99% on the average daily balance, not on the closing balance, and the two are far apart on a card that is paid down and run back up. See the reconciliation under Money in and out.","data.json","stored/rendered but not master-plan input","Deep Dive display","no"
"/utilisationNote","string","Derived from the debt records plus the Chequing B overdraft — there is no second list of balances to drift. The Cash Back Visa is at 112.2%, $612.43 beyond its $5,000 limit even after the 9 August payment, with the $29.00 over-limit fee accruing until it is back under; TD's own page shows $70.00 available, which is the payment credited as headroom rather than real room. The Travel Visa is the smallest facility in the household at $1,100.00 and $165.13 of pending charges take it $143.44 over, ...","data.json","stored/rendered but not master-plan input","Deep Dive display","no"
"/assets/0/label","string","DEBT&PAYMENTS chequing","data.json","stored/rendered but not master-plan input","Records balance sheet","no"
"/assets/0/value","number","2691.85","data.json","stored/rendered but not master-plan input","Records balance sheet","no"
"/assets/1/label","string","Chequing A","data.json","stored/rendered but not master-plan input","Records balance sheet","no"
"/assets/1/value","number","506.98","data.json","stored/rendered but not master-plan input","Records balance sheet","no"
"/assets/2/label","string","Chequing B","data.json","stored/rendered but not master-plan input","Records balance sheet","no"
"/assets/2/value","number","-517.72","data.json","stored/rendered but not master-plan input","Records balance sheet","no"
"/assets/3/label","string","Savings","data.json","stored/rendered but not master-plan input","Records balance sheet","no"
"/assets/3/value","number","90.58","data.json","stored/rendered but not master-plan input","Records balance sheet","no"
"/assets/3/class","string","spendable","data.json","stored/rendered but not master-plan input","Records balance sheet","no"
"/assets/4/label","string","SAVINGS-DONT TOUCH","data.json","stored/rendered but not master-plan input","Records balance sheet","no"
"/assets/4/value","number","74.2","data.json","stored/rendered but not master-plan input","Records balance sheet","no"
"/assets/5/label","string","Wise (two US spending accounts)","data.json","stored/rendered but not master-plan input","Records balance sheet","no"
"/assets/5/value","number","205.92","data.json","stored/rendered but not master-plan input","Records balance sheet","no"
"/assets/6/label","string","Silver — 100 oz [ESTIMATE]","data.json","stored/rendered but not master-plan input","Records balance sheet","no"
"/assets/6/value","number","8847","data.json","stored/rendered but not master-plan input","Records balance sheet","no"
"/assets/7/label","string","RESP (education-restricted)","data.json","stored/rendered but not master-plan input","Records balance sheet","no"
"/assets/7/value","number","31555.85","data.json","stored/rendered but not master-plan input","Records balance sheet","no"
"/assets/8/label","string","TFSA, US TFSA, two mutual funds","data.json","stored/rendered but not master-plan input","Records balance sheet","no"
"/assets/8/value","number","0","data.json","stored/rendered but not master-plan input","Records balance sheet","no"
"/assetsNote","string","Read from TD on 9 August, after the $300 Triangle payment and the $70 Cash Back payment both left Chequing A. SAVINGS-DONT TOUCH is a staging account rather than savings — money arrives and leaves within days, and it earned $0.11 over 18 months. The Wise figure is $83.84 CAD plus $86.82 USD, converted at the 0.7112 rate actually paid rather than a spot rate, and is calculated from the transaction ledger rather than read off Wise. The silver is 100 oz, owner-stated 10 August 2026, valued at th...","data.json","stored/rendered but not master-plan input","Records display","no"
"/netWorth/assets","number","43454.66","data.json","stored/rendered but not master-plan input","Records balance sheet","no"
"/netWorth/debts","number","777455.57","data.json","stored/rendered but not master-plan input","Records balance sheet","no"
"/netWorth/financialAccountsOnly","number","-734000.91","data.json","stored/rendered but not master-plan input","Records balance sheet","no"
"/netWorth/caveat","string","Household net worth is now estimable. At the owner's estimate of $1.1m–$1.4m for the home, it is roughly $366,000 to $666,000 [ESTIMATE] — the financial accounts above, plus the home, less all debt. The range rose by about $8,800 when the silver was added on 10 August. Loan-to-value on the mortgage and HELOC together ($747,612.74) is 68% at the low end and 53% at the high end, both comfortably under the 80% that matters at the May 2027 renewal. This is an owner's estimate, not an appraisal, a...","data.json","stored/rendered but not master-plan input","Records balance sheet","no"
"/helocHistory/0/m","string","Feb 25","data.json","stored/rendered but not master-plan input","Plan/Deep Dive trend display","no"
"/helocHistory/0/v","number","190627.78","data.json","stored/rendered but not master-plan input","Plan/Deep Dive trend display","no"
"/helocHistory/1/m","string","Mar","data.json","stored/rendered but not master-plan input","Plan/Deep Dive trend display","no"
"/helocHistory/1/v","number","189375.85","data.json","stored/rendered but not master-plan input","Plan/Deep Dive trend display","no"
"/helocHistory/2/m","string","Apr","data.json","stored/rendered but not master-plan input","Plan/Deep Dive trend display","no"
"/helocHistory/2/v","number","190381.69","data.json","stored/rendered but not master-plan input","Plan/Deep Dive trend display","no"
"/helocHistory/3/m","string","May","data.json","stored/rendered but not master-plan input","Plan/Deep Dive trend display","no"
"/helocHistory/3/v","number","198578.57","data.json","stored/rendered but not master-plan input","Plan/Deep Dive trend display","no"
"/helocHistory/4/m","string","Jun","data.json","stored/rendered but not master-plan input","Plan/Deep Dive trend display","no"
"/helocHistory/4/v","number","195549.81","data.json","stored/rendered but not master-plan input","Plan/Deep Dive trend display","no"
"/helocHistory/5/m","string","Jul","data.json","stored/rendered but not master-plan input","Plan/Deep Dive trend display","no"
"/helocHistory/5/v","number","195684.37","data.json","stored/rendered but not master-plan input","Plan/Deep Dive trend display","no"
"/helocHistory/6/m","string","Aug","data.json","stored/rendered but not master-plan input","Plan/Deep Dive trend display","no"
"/helocHistory/6/v","number","198366.81","data.json","stored/rendered but not master-plan input","Plan/Deep Dive trend display","no"
"/helocHistory/7/m","string","Sep","data.json","stored/rendered but not master-plan input","Plan/Deep Dive trend display","no"
"/helocHistory/7/v","number","197777.65","data.json","stored/rendered but not master-plan input","Plan/Deep Dive trend display","no"
"/helocHistory/8/m","string","Oct","data.json","stored/rendered but not master-plan input","Plan/Deep Dive trend display","no"
"/helocHistory/8/v","number","197847.57","data.json","stored/rendered but not master-plan input","Plan/Deep Dive trend display","no"
"/helocHistory/9/m","string","Nov","data.json","stored/rendered but not master-plan input","Plan/Deep Dive trend display","no"
"/helocHistory/9/v","number","198858.82","data.json","stored/rendered but not master-plan input","Plan/Deep Dive trend display","no"
"/helocHistory/10/m","string","Dec","data.json","stored/rendered but not master-plan input","Plan/Deep Dive trend display","no"
"/helocHistory/10/v","number","202058.59","data.json","stored/rendered but not master-plan input","Plan/Deep Dive trend display","no"
"/helocHistory/10/note","string","Above the limit","data.json","stored/rendered but not master-plan input","Plan/Deep Dive trend display","no"
"/helocHistory/11/m","string","Jan 26","data.json","stored/rendered but not master-plan input","Plan/Deep Dive trend display","no"
"/helocHistory/11/v","number","202358.65","data.json","stored/rendered but not master-plan input","Plan/Deep Dive trend display","no"
"/helocHistory/11/note","string","Peak","data.json","stored/rendered but not master-plan input","Plan/Deep Dive trend display","no"
"/helocHistory/12/m","string","Feb","data.json","stored/rendered but not master-plan input","Plan/Deep Dive trend display","no"
"/helocHistory/12/v","number","188060.61","data.json","stored/rendered but not master-plan input","Plan/Deep Dive trend display","no"
"/helocHistory/12/note","string","$16,100 bonus paydown","data.json","stored/rendered but not master-plan input","Plan/Deep Dive trend display","no"
"/helocHistory/13/m","string","Mar","data.json","stored/rendered but not master-plan input","Plan/Deep Dive trend display","no"
"/helocHistory/13/v","number","190953.11","data.json","stored/rendered but not master-plan input","Plan/Deep Dive trend display","no"
"/helocHistory/14/m","string","Apr","data.json","stored/rendered but not master-plan input","Plan/Deep Dive trend display","no"
"/helocHistory/14/v","number","193168.43","data.json","stored/rendered but not master-plan input","Plan/Deep Dive trend display","no"
"/helocHistory/15/m","string","May","data.json","stored/rendered but not master-plan input","Plan/Deep Dive trend display","no"
"/helocHistory/15/v","number","195659.82","data.json","stored/rendered but not master-plan input","Plan/Deep Dive trend display","no"
"/helocHistory/16/m","string","Jun","data.json","stored/rendered but not master-plan input","Plan/Deep Dive trend display","no"
"/helocHistory/16/v","number","196967.31","data.json","stored/rendered but not master-plan input","Plan/Deep Dive trend display","no"
"/helocHistory/17/m","string","Jul","data.json","stored/rendered but not master-plan input","Plan/Deep Dive trend display","no"
"/helocHistory/17/v","number","201085.16","data.json","stored/rendered but not master-plan input","Plan/Deep Dive trend display","no"
"/helocHistory/18/m","string","Aug 26","data.json","stored/rendered but not master-plan input","Plan/Deep Dive trend display","no"
"/helocHistory/18/v","number","201586.16","data.json","stored/rendered but not master-plan input","Plan/Deep Dive trend display","no"
"/helocHistory/18/note","string","Only $1,067.84 left","data.json","stored/rendered but not master-plan input","Plan/Deep Dive trend display","no"
"/helocLimit","number","202654","data.json","load-bearing engine input","public/forecast.js mission/debt projection + pages","yes"
"/helocSummary","string","Balance grew $7,536.96 over 18 months despite $78,177 of repayments, because $86,514 was advanced and $15,029 of interest was capitalised. Since the February 2026 paydown it has risen every month — +$13,525.55 in six.","data.json","stored/rendered but not master-plan input","Deep Dive display","no"
"/helocUse/0/label","string","Credit card payments","data.json","stored/rendered but not master-plan input","Deep Dive forensic display","no"
"/helocUse/0/amount","number","22230","data.json","stored/rendered but not master-plan input","Deep Dive forensic display","no"
"/helocUse/0/n","number","32","data.json","stored/rendered but not master-plan input","Deep Dive forensic display","no"
"/helocUse/0/note","string","Card balances moved onto the house. The rate falls from 21–27% to 4.90%, but the debt stops amortising and becomes permanent.","data.json","stored/rendered but not master-plan input","Deep Dive forensic display","no"
"/helocUse/1/label","string","Into chequing / savings","data.json","stored/rendered but not master-plan input","Deep Dive forensic display","no"
"/helocUse/1/amount","number","17466","data.json","stored/rendered but not master-plan input","Deep Dive forensic display","no"
"/helocUse/1/n","number","54","data.json","stored/rendered but not master-plan input","Deep Dive forensic display","no"
"/helocUse/1/note","string","Borrowed money topping up day-to-day accounts. Where it went next is only traceable for the few cases below.","data.json","stored/rendered but not master-plan input","Deep Dive forensic display","no"
"/helocUse/2/label","string","Interest charged","data.json","stored/rendered but not master-plan input","Deep Dive forensic display","no"
"/helocUse/2/amount","number","15029.18","data.json","stored/rendered but not master-plan input","Deep Dive forensic display","no"
"/helocUse/2/n","number","18","data.json","stored/rendered but not master-plan input","Deep Dive forensic display","no"
"/helocUse/2/note","string","The cost of the facility, capitalised onto the balance — about $835/month. Paying the minimum covers this and nothing else.","data.json","stored/rendered but not master-plan input","Deep Dive forensic display","no"
"/helocUse/3/label","string","Household bills, paid direct","data.json","stored/rendered but not master-plan input","Deep Dive forensic display","no"
"/helocUse/3/amount","number","14271.63","data.json","stored/rendered but not master-plan input","Deep Dive forensic display","no"
"/helocUse/3/n","number","5","data.json","stored/rendered but not master-plan input","Deep Dive forensic display","no"
"/helocUse/3/note","string","Property tax $5,639.67 · Triangle Mastercard $3,778.00 and $3,663.96 · BC Hydro $790.00 · CRA tax owed $400.00.","data.json","stored/rendered but not master-plan input","Deep Dive forensic display","no"
"/helocUse/4/label","string","E-transfers out","data.json","stored/rendered but not master-plan input","Deep Dive forensic display","no"
"/helocUse/4/amount","number","13061.9","data.json","stored/rendered but not master-plan input","Deep Dive forensic display","no"
"/helocUse/4/n","number","26","data.json","stored/rendered but not master-plan input","Deep Dive forensic display","no"
"/helocUse/4/note","string","Sent straight from the HELOC. TD names no payee, so most of this is unattributable — it includes the Wise holiday funding and the lacrosse fees.","data.json","stored/rendered but not master-plan input","Deep Dive forensic display","no"
"/helocUse/5/label","string","Cash withdrawal","data.json","stored/rendered but not master-plan input","Deep Dive forensic display","no"
"/helocUse/5/amount","number","4429.8","data.json","stored/rendered but not master-plan input","Deep Dive forensic display","no"
"/helocUse/5/n","number","1","data.json","stored/rendered but not master-plan input","Deep Dive forensic display","no"
"/helocUse/5/note","string","A single withdrawal, 12 February 2025.","data.json","stored/rendered but not master-plan input","Deep Dive forensic display","no"
"/helocUse/6/label","string","E-transfer fees","data.json","stored/rendered but not master-plan input","Deep Dive forensic display","no"
"/helocUse/6/amount","number","25","data.json","stored/rendered but not master-plan input","Deep Dive forensic display","no"
"/helocUse/6/n","number","26","data.json","stored/rendered but not master-plan input","Deep Dive forensic display","no"
"/helocUse/6/note","string","$1 each, charged to the HELOC and therefore borrowed too.","data.json","stored/rendered but not master-plan input","Deep Dive forensic display","no"
"/helocUseNote","string","$86,513.51 left the HELOC over 18 months and $78,176.55 came back — this is a facility being used as a chequing account, not a loan being repaid. The line worth pausing on is the fourth: property tax, income tax and a hydro bill were paid by borrowing against the house. Those are ordinary recurring costs, and the HELOC is interest-only at 99.5% drawn, so nothing about a minimum payment ever removes them.","data.json","stored/rendered but not master-plan input","Deep Dive display","no"
"/helocChains","string","Tracing was re-run looking for multi-hop chains, because the 24 July Wise funding showed a single intermediate hop is enough to break the trail. Of 635 reference-matched internal transfers, 33 continue into an onward movement within three days and only 5 of those start at the HELOC, worth $2,135.00. So the laundering-through-chequing pattern is real but rare: the money that cannot be traced left the HELOC directly, as 26 anonymous e-transfers worth $13,061.90.","data.json","stored/rendered but not master-plan input","Deep Dive forensic display","no"
"/cashflow/0/m","string","Feb 25","data.json","stored/rendered but not master-plan input","Deep Dive forensic display","no"
"/cashflow/0/v","number","832.69","data.json","stored/rendered but not master-plan input","Deep Dive forensic display","no"
"/cashflow/1/m","string","Mar","data.json","stored/rendered but not master-plan input","Deep Dive forensic display","no"
"/cashflow/1/v","number","-2355.99","data.json","stored/rendered but not master-plan input","Deep Dive forensic display","no"
"/cashflow/2/m","string","Apr","data.json","stored/rendered but not master-plan input","Deep Dive forensic display","no"
"/cashflow/2/v","number","1443.63","data.json","stored/rendered but not master-plan input","Deep Dive forensic display","no"
"/cashflow/3/m","string","May","data.json","stored/rendered but not master-plan input","Deep Dive forensic display","no"
"/cashflow/3/v","number","-2260.51","data.json","stored/rendered but not master-plan input","Deep Dive forensic display","no"
"/cashflow/4/m","string","Jun","data.json","stored/rendered but not master-plan input","Deep Dive forensic display","no"
"/cashflow/4/v","number","-61.28","data.json","stored/rendered but not master-plan input","Deep Dive forensic display","no"
"/cashflow/5/m","string","Jul","data.json","stored/rendered but not master-plan input","Deep Dive forensic display","no"
"/cashflow/5/v","number","1597.5","data.json","stored/rendered but not master-plan input","Deep Dive forensic display","no"
"/cashflow/6/m","string","Aug","data.json","stored/rendered but not master-plan input","Deep Dive forensic display","no"
"/cashflow/6/v","number","-483.8","data.json","stored/rendered but not master-plan input","Deep Dive forensic display","no"
"/cashflow/7/m","string","Sep","data.json","stored/rendered but not master-plan input","Deep Dive forensic display","no"
"/cashflow/7/v","number","3491.48","data.json","stored/rendered but not master-plan input","Deep Dive forensic display","no"
"/cashflow/8/m","string","Oct","data.json","stored/rendered but not master-plan input","Deep Dive forensic display","no"
"/cashflow/8/v","number","-258.97","data.json","stored/rendered but not master-plan input","Deep Dive forensic display","no"
"/cashflow/9/m","string","Nov","data.json","stored/rendered but not master-plan input","Deep Dive forensic display","no"
"/cashflow/9/v","number","-849.52","data.json","stored/rendered but not master-plan input","Deep Dive forensic display","no"
"/cashflow/10/m","string","Dec","data.json","stored/rendered but not master-plan input","Deep Dive forensic display","no"
"/cashflow/10/v","number","-4329.02","data.json","stored/rendered but not master-plan input","Deep Dive forensic display","no"
"/cashflow/10/note","string","Highest spending month","data.json","stored/rendered but not master-plan input","Deep Dive forensic display","no"
"/cashflow/11/m","string","Jan 26","data.json","stored/rendered but not master-plan input","Deep Dive forensic display","no"
"/cashflow/11/v","number","2314.83","data.json","stored/rendered but not master-plan input","Deep Dive forensic display","no"
"/cashflow/12/m","string","Feb","data.json","stored/rendered but not master-plan input","Deep Dive forensic display","no"
"/cashflow/12/v","number","287.38","data.json","stored/rendered but not master-plan input","Deep Dive forensic display","no"
"/cashflow/12/note","string","Bonus, mostly to the HELOC","data.json","stored/rendered but not master-plan input","Deep Dive forensic display","no"
"/cashflow/13/m","string","Mar","data.json","stored/rendered but not master-plan input","Deep Dive forensic display","no"
"/cashflow/13/v","number","-1201.79","data.json","stored/rendered but not master-plan input","Deep Dive forensic display","no"
"/cashflow/14/m","string","Apr","data.json","stored/rendered but not master-plan input","Deep Dive forensic display","no"
"/cashflow/14/v","number","-794.14","data.json","stored/rendered but not master-plan input","Deep Dive forensic display","no"
"/cashflow/15/m","string","May","data.json","stored/rendered but not master-plan input","Deep Dive forensic display","no"
"/cashflow/15/v","number","2650.01","data.json","stored/rendered but not master-plan input","Deep Dive forensic display","no"
"/cashflow/16/m","string","Jun","data.json","stored/rendered but not master-plan input","Deep Dive forensic display","no"
"/cashflow/16/v","number","-1071.99","data.json","stored/rendered but not master-plan input","Deep Dive forensic display","no"
"/cashflow/17/m","string","Jul","data.json","stored/rendered but not master-plan input","Deep Dive forensic display","no"
"/cashflow/17/v","number","11675.09","data.json","stored/rendered but not master-plan input","Deep Dive forensic display","no"
"/cashflow/17/note","string","Bonus plus a strong resale month","data.json","stored/rendered but not master-plan input","Deep Dive forensic display","no"
"/cashflowNote","string","Nine of eighteen complete months were negative. The year balances only because two or three large months carry it. Excludes payments made directly from the HELOC — roughly $1,960/month — so the real picture is somewhat weaker than shown.","data.json","stored/rendered but not master-plan input","Deep Dive display","no"
"/income/0/label","string","Payroll (bi-weekly)","data.json","stored/rendered but not master-plan input","Deep Dive historical analysis","no"
"/income/0/total","number","186152.89","data.json","stored/rendered but not master-plan input","Deep Dive historical analysis","no"
"/income/0/perMonth","number","10342","data.json","stored/rendered but not master-plan input","Deep Dive historical analysis","no"
"/income/0/stability","string","Stable","data.json","stored/rendered but not master-plan input","Deep Dive historical analysis","no"
"/income/1/label","string","Her employment — Tennis BC","data.json","stored/rendered but not master-plan input","Deep Dive historical analysis","no"
"/income/1/total","number","63129.47","data.json","stored/rendered but not master-plan input","Deep Dive historical analysis","no"
"/income/1/perMonth","number","3507","data.json","stored/rendered but not master-plan input","Deep Dive historical analysis","no"
"/income/1/stability","string","Growing — $1,250/month to $6,196/month across the window","data.json","stored/rendered but not master-plan input","Deep Dive historical analysis","no"
"/income/2/label","string","Coaching — gross revenue","data.json","stored/rendered but not master-plan input","Deep Dive historical analysis","no"
"/income/2/total","number","54213","data.json","stored/rendered but not master-plan input","Deep Dive historical analysis","no"
"/income/2/perMonth","number","3012","data.json","stored/rendered but not master-plan input","Deep Dive historical analysis","no"
"/income/2/stability","string","REVENUE, not income. Coaches are paid out of this, so only the margin is kept — about 72% on her own figures","data.json","stored/rendered but not master-plan input","Deep Dive historical analysis","no"
"/income/3/label","string","Child benefit","data.json","stored/rendered but not master-plan input","Deep Dive historical analysis","no"
"/income/3/total","number","2764.63","data.json","stored/rendered but not master-plan input","Deep Dive historical analysis","no"
"/income/3/perMonth","number","154","data.json","stored/rendered but not master-plan input","Deep Dive historical analysis","no"
"/income/3/stability","string","Stable","data.json","stored/rendered but not master-plan input","Deep Dive historical analysis","no"
"/income/4/label","string","Insurance reimbursement","data.json","stored/rendered but not master-plan input","Deep Dive historical analysis","no"
"/income/4/total","number","500.04","data.json","stored/rendered but not master-plan input","Deep Dive historical analysis","no"
"/income/4/perMonth","null","","data.json","stored/rendered but not master-plan input","Deep Dive historical analysis","no"
"/income/4/stability","string","One-off","data.json","stored/rendered but not master-plan input","Deep Dive historical analysis","no"
"/incomeTotal/total","number","306760.03","data.json","stored/rendered but not master-plan input","Deep Dive historical analysis","no"
"/incomeTotal/perMonth","number","17042","data.json","stored/rendered but not master-plan input","Deep Dive historical analysis","no"
"/incomeWarning","string","The coaching line is gross revenue — coaches are paid out of it. Her tracking sheets now give the split: $23,070 of class revenue against $6,397.50 of coach payroll, so coaches take about 27.7% and roughly 72% is retained. Applied to the $42,395 of large receipts that implies about $11,700 owed onward and $30,700 retained — roughly $1,700/month of real coaching income rather than the $2,355 the gross suggests. So this total is overstated by about $650/month, not the $1,650 previously feared. ...","data.json","stored/rendered but not master-plan input","Deep Dive display","no"
"/incomeNote","string","Her Tennis BC employment — 43 deposits, $63,129.47 over 18 months into DEBT&PAYMENTS — was absent from the earlier picture entirely, which saw only the $21,700 she transferred across. That transfer has been removed as an income line: it is an internal movement out of this income, and counting both would double it. Two cautions remain: at least $1,639.10 marked EXP is expense reimbursement rather than pay, a further $2,846.58 marked AP is unresolved, and the transfers stopped after May 2026 wh...","data.json","stored/rendered but not master-plan input","Deep Dive display","no"
"/interestCheck/charge","number","158.55","data.json","stored/rendered but not master-plan input","Deep Dive reconciliation","no"
"/interestCheck/naive","number","115","data.json","stored/rendered but not master-plan input","Deep Dive reconciliation","no"
"/interestCheck/modelled","number","117.36","data.json","stored/rendered but not master-plan input","Deep Dive reconciliation","no"
"/interestCheck/rows/0/stmt","string","8 Apr 2026","data.json","stored/rendered but not master-plan input","Deep Dive reconciliation","no"
"/interestCheck/rows/0/avg","number","4985.1","data.json","stored/rendered but not master-plan input","Deep Dive reconciliation","no"
"/interestCheck/rows/0/implied","number","110.59","data.json","stored/rendered but not master-plan input","Deep Dive reconciliation","no"
"/interestCheck/rows/0/charged","number","108.91","data.json","stored/rendered but not master-plan input","Deep Dive reconciliation","no"
"/interestCheck/rows/0/eff","number","26.58","data.json","stored/rendered but not master-plan input","Deep Dive reconciliation","no"
"/interestCheck/rows/1/stmt","string","7 May 2026","data.json","stored/rendered but not master-plan input","Deep Dive reconciliation","no"
"/interestCheck/rows/1/avg","number","5118.52","data.json","stored/rendered but not master-plan input","Deep Dive reconciliation","no"
"/interestCheck/rows/1/implied","number","109.76","data.json","stored/rendered but not master-plan input","Deep Dive reconciliation","no"
"/interestCheck/rows/1/charged","number","103.98","data.json","stored/rendered but not master-plan input","Deep Dive reconciliation","no"
"/interestCheck/rows/1/eff","number","25.57","data.json","stored/rendered but not master-plan input","Deep Dive reconciliation","no"
"/interestCheck/rows/2/stmt","string","8 Jun 2026","data.json","stored/rendered but not master-plan input","Deep Dive reconciliation","no"
"/interestCheck/rows/2/avg","number","3179.37","data.json","stored/rendered but not master-plan input","Deep Dive reconciliation","no"
"/interestCheck/rows/2/implied","number","75.23","data.json","stored/rendered but not master-plan input","Deep Dive reconciliation","no"
"/interestCheck/rows/2/charged","number","61.27","data.json","stored/rendered but not master-plan input","Deep Dive reconciliation","no"
"/interestCheck/rows/2/eff","number","21.98","data.json","stored/rendered but not master-plan input","Deep Dive reconciliation","no"
"/interestCheck/rows/3/stmt","string","7 Jul 2026","data.json","stored/rendered but not master-plan input","Deep Dive reconciliation","no"
"/interestCheck/rows/3/avg","number","4263.6","data.json","stored/rendered but not master-plan input","Deep Dive reconciliation","no"
"/interestCheck/rows/3/implied","number","91.43","data.json","stored/rendered but not master-plan input","Deep Dive reconciliation","no"
"/interestCheck/rows/3/charged","number","59.93","data.json","stored/rendered but not master-plan input","Deep Dive reconciliation","no"
"/interestCheck/rows/3/eff","number","17.69","data.json","stored/rendered but not master-plan input","Deep Dive reconciliation","no"
"/interestCheck/rows/4/stmt","string","7 Aug 2026","data.json","stored/rendered but not master-plan input","Deep Dive reconciliation","no"
"/interestCheck/rows/4/avg","number","5119.61","data.json","stored/rendered but not master-plan input","Deep Dive reconciliation","no"
"/interestCheck/rows/4/implied","number","117.36","data.json","stored/rendered but not master-plan input","Deep Dive reconciliation","no"
"/interestCheck/rows/4/charged","number","158.55","data.json","stored/rendered but not master-plan input","Deep Dive reconciliation","no"
"/interestCheck/rows/4/eff","number","36.46","data.json","stored/rendered but not master-plan input","Deep Dive reconciliation","no"
"/interestCheck/note","string","The $158.55 is explained, and the question was mis-specified rather than unanswerable. Two things were wrong with the expected ""about $115"". It applied 26.99% to the CLOSING balance, but interest is charged on the average daily balance — on a card paid down and run back up those are different numbers. And it looked at August alone: June and July were charged below rate, at an effective 21.98% and 17.69%, leaving $45.46 uncollected; August then ran at 36.46% and collected it. Across five cycle...","data.json","stored/rendered but not master-plan input","Deep Dive reconciliation","no"
"/interestCheck/cash","string","The cash-advance theory is dead on the statements' own evidence: every interest line on this card, in all twelve statements, is headed RETAIL INTEREST. There is no cash-advance bucket, so the 27.99% rate was never part of it.","data.json","stored/rendered but not master-plan input","Deep Dive reconciliation","no"
"/spendingNote","string","Chequing and savings spending only - $116,074.92 over 18 months, about $6,449/month, rebuilt against the merchant library. Uncategorised is down to 4.5% from 12.0% — 88 new patterns, mostly Square terminals and foreign-currency charges — and that is after removing $25,490 that was never spending at all: PayPal funding pulls, Flexiti and credit-card payments, and transfers to WebBroker, all previously counted as purchases. A further $145.00 came out this month: O.D.P. FEE and PAYMENT COVERAGE ...","data.json","stored/rendered but not master-plan input","Deep Dive display","no"
"/paypal/perMonth","number","463","data.json","stored/rendered but not master-plan input","Deep Dive forensic display","no"
"/paypal/crossCheck","number","474","data.json","stored/rendered but not master-plan input","Deep Dive forensic display","no"
"/paypal/months","number","9","data.json","stored/rendered but not master-plan input","Deep Dive forensic display","no"
"/paypal/categories/0/label","string","Gaming (for the kids)","data.json","stored/rendered but not master-plan input","Deep Dive forensic display","no"
"/paypal/categories/0/total","number","1306.66","data.json","stored/rendered but not master-plan input","Deep Dive forensic display","no"
"/paypal/categories/0/perMonth","number","145","data.json","stored/rendered but not master-plan input","Deep Dive forensic display","no"
"/paypal/categories/1/label","string","Apple Services","data.json","stored/rendered but not master-plan input","Deep Dive forensic display","no"
"/paypal/categories/1/total","number","1138.72","data.json","stored/rendered but not master-plan input","Deep Dive forensic display","no"
"/paypal/categories/1/perMonth","number","127","data.json","stored/rendered but not master-plan input","Deep Dive forensic display","no"
"/paypal/categories/2/label","string","Streaming & media","data.json","stored/rendered but not master-plan input","Deep Dive forensic display","no"
"/paypal/categories/2/total","number","521.76","data.json","stored/rendered but not master-plan input","Deep Dive forensic display","no"
"/paypal/categories/2/perMonth","number","58","data.json","stored/rendered but not master-plan input","Deep Dive forensic display","no"
"/paypal/categories/3/label","string","Food delivery","data.json","stored/rendered but not master-plan input","Deep Dive forensic display","no"
"/paypal/categories/3/total","number","487.46","data.json","stored/rendered but not master-plan input","Deep Dive forensic display","no"
"/paypal/categories/3/perMonth","number","54","data.json","stored/rendered but not master-plan input","Deep Dive forensic display","no"
"/paypal/categories/4/label","string","Shopping & other","data.json","stored/rendered but not master-plan input","Deep Dive forensic display","no"
"/paypal/categories/4/total","number","431.96","data.json","stored/rendered but not master-plan input","Deep Dive forensic display","no"
"/paypal/categories/4/perMonth","number","48","data.json","stored/rendered but not master-plan input","Deep Dive forensic display","no"
"/paypal/categories/5/label","string","Music & amp plugins (known)","data.json","stored/rendered but not master-plan input","Deep Dive forensic display","no"
"/paypal/categories/5/total","number","282.33","data.json","stored/rendered but not master-plan input","Deep Dive forensic display","no"
"/paypal/categories/5/perMonth","number","31","data.json","stored/rendered but not master-plan input","Deep Dive forensic display","no"
"/paypal/note","string","Not a source of business revenue, not the channel for the unexplained e-transfers, and not a hidden asset or debt — balance $0.00, Pay-in-4 complete.","data.json","stored/rendered but not master-plan input","Deep Dive forensic display","no"
"/lacrosse/verified","number","5729.47","data.json","stored/rendered but not master-plan input","Deep Dive forensic display","no"
"/lacrosse/inferred","number","400","data.json","stored/rendered but not master-plan input","Deep Dive forensic display","no"
"/lacrosse/perMonth","number","348","data.json","stored/rendered but not master-plan input","Deep Dive forensic display","no"
"/lacrosse/sources/0/label","string","Cards","data.json","stored/rendered but not master-plan input","Deep Dive forensic display","no"
"/lacrosse/sources/0/amount","number","2767.14","data.json","stored/rendered but not master-plan input","Deep Dive forensic display","no"
"/lacrosse/sources/0/n","number","17","data.json","stored/rendered but not master-plan input","Deep Dive forensic display","no"
"/lacrosse/sources/0/note","string","Full merchant names, so unambiguous: Ridge Meadows Minor Lacrosse, Fusion West, RMSC Titans, Cityside Lax, MVP Athletic.","data.json","stored/rendered but not master-plan input","Deep Dive forensic display","no"
"/lacrosse/sources/1/label","string","E-transfers, named","data.json","stored/rendered but not master-plan input","Deep Dive forensic display","no"
"/lacrosse/sources/1/amount","number","2822.3","data.json","stored/rendered but not master-plan input","Deep Dive forensic display","no"
"/lacrosse/sources/1/n","number","7","data.json","stored/rendered but not master-plan input","Deep Dive forensic display","no"
"/lacrosse/sources/1/note","string","Only nameable because an Interac confirmation email survived. Fusion West $2,234.05 across five, Pro Caliber $488.25, Venom Custom Sticks $100.00.","data.json","stored/rendered but not master-plan input","Deep Dive forensic display","no"
"/lacrosse/sources/2/label","string","Chequing debit","data.json","stored/rendered but not master-plan input","Deep Dive forensic display","no"
"/lacrosse/sources/2/amount","number","140.03","data.json","stored/rendered but not master-plan input","Deep Dive forensic display","no"
"/lacrosse/sources/2/n","number","3","data.json","stored/rendered but not master-plan input","Deep Dive forensic display","no"
"/lacrosse/sources/2/note","string","Was recorded as $0.00. Extending the merchant library found US Lacrosse, BC Sixes and Loading Lacrosse hiding in TD's truncated descriptions.","data.json","stored/rendered but not master-plan input","Deep Dive forensic display","no"
"/lacrosse/funding/0/label","string","HELOC","data.json","stored/rendered but not master-plan input","Deep Dive forensic display","no"
"/lacrosse/funding/0/amount","number","2269.8","data.json","stored/rendered but not master-plan input","Deep Dive forensic display","no"
"/lacrosse/funding/0/note","string","Four e-transfers. Borrowed against the house at 4.90%, on an interest-only facility that is 99.5% drawn.","data.json","stored/rendered but not master-plan input","Deep Dive forensic display","no"
"/lacrosse/funding/1/label","string","Travel Visa","data.json","stored/rendered but not master-plan input","Deep Dive forensic display","no"
"/lacrosse/funding/1/amount","number","1110.2","data.json","stored/rendered but not master-plan input","Deep Dive forensic display","no"
"/lacrosse/funding/2/label","string","Amazon / MBNA","data.json","stored/rendered but not master-plan input","Deep Dive forensic display","no"
"/lacrosse/funding/2/amount","number","750.9","data.json","stored/rendered but not master-plan input","Deep Dive forensic display","no"
"/lacrosse/funding/3/label","string","TD personal Visa","data.json","stored/rendered but not master-plan input","Deep Dive forensic display","no"
"/lacrosse/funding/3/amount","number","731.78","data.json","stored/rendered but not master-plan input","Deep Dive forensic display","no"
"/lacrosse/funding/4/label","string","Chequing A","data.json","stored/rendered but not master-plan input","Deep Dive forensic display","no"
"/lacrosse/funding/4/amount","number","327.5","data.json","stored/rendered but not master-plan input","Deep Dive forensic display","no"
"/lacrosse/funding/5/label","string","DEBT&PAYMENTS","data.json","stored/rendered but not master-plan input","Deep Dive forensic display","no"
"/lacrosse/funding/5/amount","number","225","data.json","stored/rendered but not master-plan input","Deep Dive forensic display","no"
"/lacrosse/funding/6/label","string","TD Cash Back Visa","data.json","stored/rendered but not master-plan input","Deep Dive forensic display","no"
"/lacrosse/funding/6/amount","number","174.26","data.json","stored/rendered but not master-plan input","Deep Dive forensic display","no"
"/lacrosse/funding/7/label","string","Chequing B","data.json","stored/rendered but not master-plan input","Deep Dive forensic display","no"
"/lacrosse/funding/7/amount","number","140.03","data.json","stored/rendered but not master-plan input","Deep Dive forensic display","no"
"/lacrosse/note","string","The floor rises from $5,143.56, and it is still a floor. The finding is not the size but the funding: $2,269.80 — 40% of the total, and 80% of the e-transfer half — was paid out of the HELOC.","data.json","stored/rendered but not master-plan input","Deep Dive forensic display","no"
"/lacrosse/inferredNote","string","A further $400.00 is inferred rather than verified and is kept out of the total. The Burrards U13-A2 manager emailed ""$400 per player, please send etransfer"" at 10:06 on 15 April 2026; a $400.00 e-transfer left the HELOC the same day. Strong, but an inference — the bank record still names no payee.","data.json","stored/rendered but not master-plan input","Deep Dive forensic display","no"
"/lacrosse/gapNote","string","84 outgoing e-transfers worth $18,514.04 still carry no payee at all — down from 95 and $22,487.96 before this pass. An unknown share of what remains is more of this.","data.json","stored/rendered but not master-plan input","Deep Dive forensic display","no"
"/counterparties/attributed","number","49","data.json","stored/rendered but not master-plan input","Deep Dive forensic display","no"
"/counterparties/total","number","204","data.json","stored/rendered but not master-plan input","Deep Dive forensic display","no"
"/counterparties/previous","number","24","data.json","stored/rendered but not master-plan input","Deep Dive forensic display","no"
"/counterparties/note","string","TD's export never names the other side of an e-transfer — outgoing reads SEND E-TFR ***GCa and nothing more. Interac's confirmation emails do name them, and sweeping both mailboxes properly took attribution from 24 of 204 to 49 — it has doubled. Every one of the 26 newly recovered transfers matches a bank row on amount and date, so this is corroboration, not guesswork.","data.json","stored/rendered but not master-plan input","Deep Dive forensic display","no"
"/counterparties/finding","string","Almost every newly recovered notification was in the bin. Gmail purges deleted mail after 30 days, so the counterparty record is being destroyed on a rolling 30-day cycle — which is the real reason coverage looked hopeless, and why it will stay poor unless something changes. It also means the previous conclusion was wrong: the notifications were not missing, they were deleted.","data.json","stored/rendered but not master-plan input","Deep Dive forensic display","no"
"/counterparties/action","string","A Gmail filter on both accounts that labels and archives mail from payments.interac.ca instead of deleting it costs nothing and makes every future transfer attributable. It cannot recover what has already been purged — everything deleted before roughly 10 July 2026 is gone.","data.json","stored/rendered but not master-plan input","Deep Dive forensic display","no"
"/counterparties/matching","string","The matcher was also wrong: it named every transfer of the same amount within four days from a single notification, and would let an incoming notification name an outgoing transfer. It now matches one notification to one transfer, nearest date first, direction enforced.","data.json","stored/rendered but not master-plan input","Deep Dive forensic display","no"
"/coachPayment/amount","number","2160","data.json","stored/rendered but not master-plan input","Deep Dive forensic display","no"
"/coachPayment/date","string","2026-07-06","data.json","stored/rendered but not master-plan input","Deep Dive forensic display","no"
"/coachPayment/note","string","The 30 June coaching remittance was traced end to end and a coach was paid out of it. This matters because the previous reading — that the whole $9,646.25 went onto the HELOC with no coach payment visible — raised the possibility of an unrecorded liability, money owed onward and already spent.","data.json","stored/rendered but not master-plan input","Deep Dive forensic display","no"
"/coachPayment/chain/0/when","string","2 Jul","data.json","stored/rendered but not master-plan input","Deep Dive forensic display","no"
"/coachPayment/chain/0/what","string","Chequing A receives $3,683.75 and $5,962.50 from Lavinio Cavalcante","data.json","stored/rendered but not master-plan input","Deep Dive forensic display","no"
"/coachPayment/chain/0/balance","number","9837.28","data.json","stored/rendered but not master-plan input","Deep Dive forensic display","no"
"/coachPayment/chain/1/when","string","2 Jul","data.json","stored/rendered but not master-plan input","Deep Dive forensic display","no"
"/coachPayment/chain/1/what","string","$9,645.00 moves to the SAVINGS-DONT TOUCH staging account","data.json","stored/rendered but not master-plan input","Deep Dive forensic display","no"
"/coachPayment/chain/1/balance","number","12713.69","data.json","stored/rendered but not master-plan input","Deep Dive forensic display","no"
"/coachPayment/chain/2/when","string","2 Jul","data.json","stored/rendered but not master-plan input","Deep Dive forensic display","no"
"/coachPayment/chain/2/what","string","$10,000.00 leaves for the HELOC the same day","data.json","stored/rendered but not master-plan input","Deep Dive forensic display","no"
"/coachPayment/chain/2/balance","number","2713.69","data.json","stored/rendered but not master-plan input","Deep Dive forensic display","no"
"/coachPayment/chain/3/when","string","6 Jul","data.json","stored/rendered but not master-plan input","Deep Dive forensic display","no"
"/coachPayment/chain/3/what","string","$2,160.00 e-transferred to a named individual — the largest unattributed outgoing transfer in the dataset until now","data.json","stored/rendered but not master-plan input","Deep Dive forensic display","no"
"/coachPayment/chain/3/balance","number","553.69","data.json","stored/rendered but not master-plan input","Deep Dive forensic display","no"
"/coachPayment/reading","string","$2,160.00 is 22.4% of the $9,646.25 received, against the 27.7% coach share her own tracking sheets imply — the right order of magnitude for one coach among several. A second payment of $1,064.92 went to another named individual on 5 August. [INFERRED: the bank record names the payee but not the reason, so 'coach' is the best-supported reading rather than a proven fact.]","data.json","stored/rendered but not master-plan input","Deep Dive forensic display","no"
"/coachPayment/remaining","string","It does not close B63. The route for the rest of the 2026 coach pay is still unidentified, and the cheque route that paid one coach stopped in November 2025.","data.json","stored/rendered but not master-plan input","Deep Dive forensic display","no"
"/unexplained/0/label","string","Two unidentified accounts","data.json","stored/rendered but not master-plan input","Deep Dive forensic display","no"
"/unexplained/0/amount","number","59027","data.json","stored/rendered but not master-plan input","Deep Dive forensic display","no"
"/unexplained/0/note","string","Two accounts — $33,598 in across 142 transfers, $16,945 out across five. Not reachable through the transfer data: every internal transfer with a missing leg resolves either to a credit card or to a household account, and zero unknown account numbers appear. They exist only in the e-transfer record, which carries no names.","data.json","stored/rendered but not master-plan input","Deep Dive forensic display","no"
"/unexplained/1/label","string","Uncategorised spending","data.json","stored/rendered but not master-plan input","Deep Dive forensic display","no"
"/unexplained/1/amount","number","7205","data.json","stored/rendered but not master-plan input","Deep Dive forensic display","no"
"/unexplained/1/note","string","Now 4.5% of chequing spending and 4.5% of card spending, down from 12.0% and 19%. 88 patterns were added, mostly Square terminals and foreign-currency charges where TD eats the merchant name to fit 15 characters.","data.json","stored/rendered but not master-plan input","Deep Dive forensic display","no"
"/unexplained/2/label","string","Coach payments, 2026 route","data.json","stored/rendered but not master-plan input","Deep Dive forensic display","no"
"/unexplained/2/amount","number","6398","data.json","stored/rendered but not master-plan input","Deep Dive forensic display","no"
"/unexplained/2/note","string","Her sheets show $6,397.50 of coach pay from April to August 2026, but the cheques that paid a coach stop in November 2025 and no coach payments appear in either mailbox. The 2026 route leaves from an account not yet captured.","data.json","stored/rendered but not master-plan input","Deep Dive forensic display","no"
"/unexplained/3/label","string","E-transfers out","data.json","stored/rendered but not master-plan input","Deep Dive forensic display","no"
"/unexplained/3/amount","number","19700","data.json","stored/rendered but not master-plan input","Deep Dive forensic display","no"
"/unexplained/3/note","string","Was $23,200. $3,500 is now identified as funding the Wise US holiday accounts — traced transfer by transfer. The rest is still unexplained.","data.json","stored/rendered but not master-plan input","Deep Dive forensic display","no"
"/unexplained/4/label","string","Large HELOC advances","data.json","stored/rendered but not master-plan input","Deep Dive forensic display","no"
"/unexplained/4/amount","number","18301","data.json","stored/rendered but not master-plan input","Deep Dive forensic display","no"
"/unexplained/4/note","string","Only five transactions, all large.","data.json","stored/rendered but not master-plan input","Deep Dive forensic display","no"
"/questions/0/tier","number","1","data.json","stored/rendered but not master-plan input","Deep Dive open-question display","no"
"/questions/0/q","string","What does the coaching business actually net?","data.json","stored/rendered but not master-plan input","Deep Dive open-question display","no"
"/questions/0/detail","string","There are TWO businesses and the question has been conflating them. Amanda's coaching business takes in large e-transfers — 8 of over $3,000 totalling $42,395 — but she pays her coaches out of that, so it is revenue, not income. Her parents' dental lab is the other, run from the garage, which paid $1,000–1,100/month of rent until it stopped in May 2026. Coach payments cannot be separated from personal transfers in the bank data.","data.json","stored/rendered but not master-plan input","Deep Dive open-question display","no"
"/questions/0/changes","string","Household income is currently overstated by up to $1,650/month. Every conclusion resting on income is provisional until this is split. Amanda's bookkeeping settles it.","data.json","stored/rendered but not master-plan input","Deep Dive open-question display","no"
"/questions/0/owner","string","Amanda + accountant","data.json","stored/rendered but not master-plan input","Deep Dive open-question display","no"
"/questions/1/tier","number","1","data.json","stored/rendered but not master-plan input","Deep Dive open-question display","no"
"/questions/1/q","string","Where do the coach payments leave from?","data.json","stored/rendered but not master-plan input","Deep Dive open-question display","no"
"/questions/1/detail","string","One coach is paid by cheque from DEBT&PAYMENTS — five cheques, $8,150, February to November 2025. But they stop in November 2025 while her sheets show $6,397.50 of coach pay between April and August 2026. Meanwhile the 30 June remittance of $9,646.25 went onto the HELOC the same day it arrived.","data.json","stored/rendered but not master-plan input","Deep Dive open-question display","no"
"/questions/1/changes","string","Whether pass-through money owed to coaches was spent on household debt. Also points at the account outside the captured set — the same one that may be one of the two unidentified accounts.","data.json","stored/rendered but not master-plan input","Deep Dive open-question display","no"
"/questions/1/owner","string","Amanda","data.json","stored/rendered but not master-plan input","Deep Dive open-question display","no"
"/questions/2/tier","number","2","data.json","stored/rendered but not master-plan input","Deep Dive open-question display","no"
"/questions/2/q","string","Is the garage rent coming back, and what does a lab in the garage mean?","data.json","stored/rendered but not master-plan input","Deep Dive open-question display","no"
"/questions/2/detail","string","Her parents moved their dental lab into the garage and paid $1,000–1,100/month until May 2026, when it stopped because that business is not going well. This was misfiled for 18 months as a spousal transfer rather than rental income on the home.","data.json","stored/rendered but not master-plan input","Deep Dive open-question display","no"
"/questions/2/changes","string","$12,600/year of income that disappeared without registering as an income event. Business use of the home may also affect insurance, and creates both a possible deduction and a capital-gains exposure worth an accountant's view before the May 2027 renewal.","data.json","stored/rendered but not master-plan input","Deep Dive open-question display","no"
"/questions/2/owner","string","Both + accountant","data.json","stored/rendered but not master-plan input","Deep Dive open-question display","no"
"/questions/3/tier","number","2","data.json","stored/rendered but not master-plan input","Deep Dive open-question display","no"
"/questions/3/q","string","Where does the rest of the $19,700 of e-transfers go?","data.json","stored/rendered but not master-plan input","Deep Dive open-question display","no"
"/questions/3/detail","string","$3,500 is now traced to the Wise holiday accounts. The remainder still leaves the household without a matched destination, $13,062 of it originally drawn from the HELOC.","data.json","stored/rendered but not master-plan input","Deep Dive open-question display","no"
"/questions/3/changes","string","The working theory is business inventory. If so it is a business cost currently counted as household spending, and it is being funded by borrowing against the house.","data.json","stored/rendered but not master-plan input","Deep Dive open-question display","no"
"/questions/3/owner","string","Both","data.json","stored/rendered but not master-plan input","Deep Dive open-question display","no"
"/questions/4/tier","number","3","data.json","stored/rendered but not master-plan input","Deep Dive open-question display","no"
"/questions/4/q","string","What are the two unidentified accounts?","data.json","stored/rendered but not master-plan input","Deep Dive open-question display","no"
"/questions/4/detail","string","One sent $33,598 across 142 transfers; the other received $16,945 across five.","data.json","stored/rendered but not master-plan input","Deep Dive open-question display","no"
"/questions/4/changes","string","$59,027 of movement, likely folding into question 1.","data.json","stored/rendered but not master-plan input","Deep Dive open-question display","no"
"/questions/4/owner","string","Both","data.json","stored/rendered but not master-plan input","Deep Dive open-question display","no"
"/questions/5/tier","number","0","data.json","stored/rendered but not master-plan input","Deep Dive open-question display","no"
"/questions/5/q","string","ANSWERED — the ""credit card"" transfers went to the cards","data.json","stored/rendered but not master-plan input","Deep Dive open-question display","no"
"/questions/5/detail","string","It looked unexplained because only one of five cards was visible. Across the twelve-month statement window the cards received $55,178.02 — Travel Visa $33,696.18, Cash Back $11,879.50, personal Visa $6,632.34, MBNA $2,970.00 — against $39,875.43 of TFR-TO C/C leaving the accounts. The cards received $15,302.59 MORE than those transfers sent, the rest arriving by other routes including direct HELOC payments.","data.json","stored/rendered but not master-plan input","Deep Dive open-question display","no"
"/questions/5/changes","string","Nothing is hiding. No undisclosed card, no leakage. The hypothesis that this would reveal a card missing from the debt ranking is disproved.","data.json","stored/rendered but not master-plan input","Deep Dive open-question display","no"
"/questions/5/owner","string","Closed 9 Aug 2026","data.json","stored/rendered but not master-plan input","Deep Dive open-question display","no"
"/questions/6/tier","number","0","data.json","stored/rendered but not master-plan input","Deep Dive open-question display","no"
"/questions/6/q","string","ANSWERED — the monthly transfer was rent, and it stopped","data.json","stored/rendered but not master-plan input","Deep Dive open-question display","no"
"/questions/6/detail","string","It was not a spousal transfer. Amanda's parents moved their lab into the garage and paid $1,000–1,100/month in rent from March 2025. It stopped after May 2026 because that business is not going well. The dental thread joins up: the $10,000 Ivoclar Vivadent charge her father funded was capital equipment for that lab.","data.json","stored/rendered but not master-plan input","Deep Dive open-question display","no"
"/questions/6/changes","string","Recorded for 18 months as her contribution to the household. It was a third party paying rent, and its loss never registered as an income event.","data.json","stored/rendered but not master-plan input","Deep Dive open-question display","no"
"/questions/6/owner","string","Answered 9 Aug 2026","data.json","stored/rendered but not master-plan input","Deep Dive open-question display","no"
"/coverage/0/source","string","TD — 15 accounts","data.json","stored/rendered but not master-plan input","Records coverage table","no"
"/coverage/0/what","string","Balances, rates, terms; 4,655 transactions over 18 months","data.json","stored/rendered but not master-plan input","Records coverage table","no"
"/coverage/0/status","string","complete","data.json","stored/rendered but not master-plan input","Records coverage table","no"
"/coverage/1/source","string","TD credit card","data.json","stored/rendered but not master-plan input","Records coverage table","no"
"/coverage/1/what","string","11 statements, Sep 2025 – Jul 2026","data.json","stored/rendered but not master-plan input","Records coverage table","no"
"/coverage/1/status","string","complete","data.json","stored/rendered but not master-plan input","Records coverage table","no"
"/coverage/2/source","string","Mortgage & HELOC","data.json","stored/rendered but not master-plan input","Records coverage table","no"
"/coverage/2/what","string","Rates, maturity, payment splits, 208 HELOC transactions","data.json","stored/rendered but not master-plan input","Records coverage table","no"
"/coverage/2/status","string","complete","data.json","stored/rendered but not master-plan input","Records coverage table","no"
"/coverage/3/source","string","Triangle Mastercard","data.json","stored/rendered but not master-plan input","Records coverage table","no"
"/coverage/3/what","string","Full terms plus 5 statements","data.json","stored/rendered but not master-plan input","Records coverage table","no"
"/coverage/3/status","string","complete","data.json","stored/rendered but not master-plan input","Records coverage table","no"
"/coverage/4/source","string","MBNA / Amazon Mastercard","data.json","stored/rendered but not master-plan input","Records coverage table","no"
"/coverage/4/what","string","Full terms plus all 8 statements, PDF and CSV — the account's entire history","data.json","stored/rendered but not master-plan input","Records coverage table","no"
"/coverage/4/status","string","complete","data.json","stored/rendered but not master-plan input","Records coverage table","no"
"/coverage/5/source","string","PayPal — two accounts","data.json","stored/rendered but not master-plan input","Records coverage table","no"
"/coverage/5/what","string","503 transactions, categorised and cross-checked","data.json","stored/rendered but not master-plan input","Records coverage table","no"
"/coverage/5/status","string","complete","data.json","stored/rendered but not master-plan input","Records coverage table","no"
"/coverage/6/source","string","Affirm / Flexiti","data.json","stored/rendered but not master-plan input","Records coverage table","no"
"/coverage/6/what","string","Paid off and closed — $2,654.28 across the window","data.json","stored/rendered but not master-plan input","Records coverage table","no"
"/coverage/6/status","string","complete","data.json","stored/rendered but not master-plan input","Records coverage table","no"
"/coverage/7/source","string","TD Cash Back & Travel Visa","data.json","stored/rendered but not master-plan input","Records coverage table","no"
"/coverage/7/what","string","Terms captured plus 12 statements each, Sep 2025 – Aug 2026","data.json","stored/rendered but not master-plan input","Records coverage table","no"
"/coverage/7/status","string","complete","data.json","stored/rendered but not master-plan input","Records coverage table","no"
"/coverage/8/source","string","Wise — two accounts","data.json","stored/rendered but not master-plan input","Records coverage table","no"
"/coverage/8/what","string","107 transactions, the US holiday; funding traced to source","data.json","stored/rendered but not master-plan input","Records coverage table","no"
"/coverage/8/status","string","complete","data.json","stored/rendered but not master-plan input","Records coverage table","no"
"/coverage/9/source","string","American Express","data.json","stored/rendered but not master-plan input","Records coverage table","no"
"/coverage/9/what","string","Closed — owner-confirmed. No balance, no debt","data.json","stored/rendered but not master-plan input","Records coverage table","no"
"/coverage/9/status","string","complete","data.json","stored/rendered but not master-plan input","Records coverage table","no"
"/coverage/10/source","string","Coinbase","data.json","stored/rendered but not master-plan input","Records coverage table","no"
"/coverage/10/what","string","Found via email — active, statements still issued, holdings unknown","data.json","stored/rendered but not master-plan input","Records coverage table","no"
"/coverage/10/status","string","missing","data.json","stored/rendered but not master-plan input","Records coverage table","no"
"/coverage/11/source","string","Wife's business","data.json","stored/rendered but not master-plan input","Records coverage table","no"
"/coverage/11/what","string","—","data.json","stored/rendered but not master-plan input","Records coverage table","no"
"/coverage/11/status","string","missing","data.json","stored/rendered but not master-plan input","Records coverage table","no"
"/coverage/12/source","string","Home value","data.json","stored/rendered but not master-plan input","Records coverage table","no"
"/coverage/12/what","string","—","data.json","stored/rendered but not master-plan input","Records coverage table","no"
"/coverage/12/status","string","missing","data.json","stored/rendered but not master-plan input","Records coverage table","no"
"/coverage/13/source","string","WebBroker holdings","data.json","stored/rendered but not master-plan input","Records coverage table","no"
"/coverage/13/what","string","RESP balance only ($31,555.85)","data.json","stored/rendered but not master-plan input","Records coverage table","no"
"/coverage/13/status","string","blocked","data.json","stored/rendered but not master-plan input","Records coverage table","no"
"/mortgage/balance","number","546026.58","data.json","load-bearing engine input","public/forecast.js renewal/debt projection + pages","yes"
"/mortgage/rate","number","3.64","data.json","load-bearing engine input","public/forecast.js renewal/debt projection + pages","yes"
"/mortgage/paymentBiweekly","number","1600","data.json","load-bearing engine input","public/forecast.js renewal/debt projection + pages","yes"
"/mortgage/interestPortion","number","762.27","data.json","load-bearing engine input","public/forecast.js renewal/debt projection + pages","yes"
"/mortgage/principalPortion","number","837.73","data.json","load-bearing engine input","public/forecast.js renewal/debt projection + pages","yes"
"/mortgage/requiredPayment","number","1365","data.json","load-bearing engine input","public/forecast.js renewal/debt projection + pages","yes"
"/mortgage/remainingYears","number","17.75","data.json","load-bearing engine input","public/forecast.js renewal/debt projection + pages","yes"
"/mortgage/maturity","string","2027-05-01","data.json","load-bearing engine input","public/forecast.js renewal/debt projection + pages","yes"
"/mortgage/prepaymentRoom","number","97200","data.json","load-bearing engine input","public/forecast.js renewal/debt projection + pages","yes"
"/mortgage/prepaymentUsed","number","0","data.json","load-bearing engine input","public/forecast.js renewal/debt projection + pages","yes"
"/mortgage/note","string","About $6,110/year of voluntary overpayment has removed roughly 8 years of amortisation.","data.json","load-bearing engine input","public/forecast.js renewal/debt projection + pages","yes"
"/revolvingExtra/0/id","string","overdraft","data.json","stored/rendered but not master-plan input","Plan/Deep Dive display","no"
"/revolvingExtra/0/label","string","Chequing B overdraft","data.json","stored/rendered but not master-plan input","Plan/Deep Dive display","no"
"/revolvingExtra/0/used","number","517.72","data.json","stored/rendered but not master-plan input","Plan/Deep Dive display","no"
"/revolvingExtra/0/limit","number","600","data.json","stored/rendered but not master-plan input","Plan/Deep Dive display","no"
"/revolvingExtra/0/pending","number","0","data.json","stored/rendered but not master-plan input","Plan/Deep Dive display","no"
"/revolvingExtra/0/note","string","Not a debt record: an overdraft facility on Chequing B. Counted in revolving headroom.","data.json","stored/rendered but not master-plan input","Plan/Deep Dive display","no"

